Date,price,future_min_until_month_end,future_max_drawdown_until_month_end,y_future_lower
2015-01-01,,,,
2015-01-02,,4510.0,,0.0
2015-01-05,4540.0,4510.0,-0.0066079295154185536,1.0
2015-01-06,4510.0,4525.0,0.003325942350332678,0.0
2015-01-07,4540.0,4525.0,-0.0033039647577092213,1.0
2015-01-08,4560.0,4525.0,-0.007675438596491224,1.0
2015-01-09,4545.0,,,
2015-01-12,,4525.0,,0.0
2015-01-13,4615.0,4525.0,-0.01950162513542797,1.0
2015-01-14,4525.0,4550.0,0.005524861878453136,0.0
2015-01-15,4550.0,4615.0,0.014285714285714235,0.0
2015-01-16,4615.0,4685.0,0.015167930660888507,0.0
2015-01-19,4710.0,4685.0,-0.005307855626326963,1.0
2015-01-20,4750.0,4685.0,-0.013684210526315743,1.0
2015-01-21,4825.0,4685.0,-0.02901554404145079,1.0
2015-01-22,4815.0,4685.0,-0.02699896157840087,1.0
2015-01-23,4820.0,4685.0,-0.028008298755186734,1.0
2015-01-26,4785.0,4685.0,-0.020898641588296796,1.0
2015-01-27,4750.0,4685.0,-0.013684210526315743,1.0
2015-01-28,4785.0,4685.0,-0.020898641588296796,1.0
2015-01-29,4750.0,4685.0,-0.013684210526315743,1.0
2015-01-30,4685.0,,,
2015-02-02,4750.0,4525.0,-0.047368421052631615,1.0
2015-02-03,4700.0,4525.0,-0.037234042553191515,1.0
2015-02-04,4675.0,4525.0,-0.03208556149732622,1.0
2015-02-05,4705.0,4525.0,-0.03825717321997879,1.0
2015-02-06,4690.0,4525.0,-0.03518123667377404,1.0
2015-02-09,4635.0,4525.0,-0.02373247033441206,1.0
2015-02-10,4650.0,,,
2015-02-11,,4525.0,,0.0
2015-02-12,4640.0,4525.0,-0.024784482758620663,1.0
2015-02-13,4605.0,4525.0,-0.017372421281216077,1.0
2015-02-16,4610.0,4525.0,-0.018438177874186557,1.0
2015-02-17,4590.0,4525.0,-0.014161220043573008,1.0
2015-02-18,4540.0,4525.0,-0.0033039647577092213,1.0
2015-02-19,4560.0,4525.0,-0.007675438596491224,1.0
2015-02-20,4540.0,4525.0,-0.0033039647577092213,1.0
2015-02-23,4525.0,4540.0,0.0033149171270718814,0.0
2015-02-24,4540.0,4545.0,0.0011013215859030367,0.0
2015-02-25,4555.0,4545.0,-0.002195389681668547,1.0
2015-02-26,4545.0,4565.0,0.004400440044004306,0.0
2015-02-27,4565.0,,,
2015-03-02,4630.0,4435.0,-0.04211663066954641,1.0
2015-03-03,4570.0,4435.0,-0.029540481400437635,1.0
2015-03-04,4595.0,4435.0,-0.03482045701849834,1.0
2015-03-05,4580.0,4435.0,-0.031659388646288256,1.0
2015-03-06,4570.0,4435.0,-0.029540481400437635,1.0
2015-03-09,4500.0,4435.0,-0.014444444444444482,1.0
2015-03-10,4495.0,4435.0,-0.013348164627363768,1.0
2015-03-11,4500.0,4435.0,-0.014444444444444482,1.0
2015-03-12,4495.0,4435.0,-0.013348164627363768,1.0
2015-03-13,4495.0,4435.0,-0.013348164627363768,1.0
2015-03-16,4490.0,4435.0,-0.012249443207126953,1.0
2015-03-17,4465.0,4435.0,-0.006718924972004436,1.0
2015-03-18,4435.0,4480.0,0.01014656144306647,0.0
2015-03-19,4480.0,4480.0,0.0,0.0
2015-03-20,4480.0,4480.0,0.0,0.0
2015-03-23,4500.0,4480.0,-0.004444444444444473,1.0
2015-03-24,4515.0,4480.0,-0.007751937984496138,1.0
2015-03-25,4510.0,4480.0,-0.006651884700665134,1.0
2015-03-26,4510.0,4480.0,-0.006651884700665134,1.0
2015-03-27,4535.0,4480.0,-0.012127894156560126,1.0
2015-03-30,4510.0,4480.0,-0.006651884700665134,1.0
2015-03-31,4480.0,,,
2015-04-01,4495.0,4455.0,-0.008898776418242438,1.0
2015-04-02,4545.0,4455.0,-0.01980198019801982,1.0
2015-04-03,4540.0,4455.0,-0.018722466960352402,1.0
2015-04-06,4575.0,4455.0,-0.02622950819672132,1.0
2015-04-07,4580.0,4455.0,-0.02729257641921401,1.0
2015-04-08,4580.0,4455.0,-0.02729257641921401,1.0
2015-04-09,4545.0,4455.0,-0.01980198019801982,1.0
2015-04-10,4550.0,4455.0,-0.020879120879120916,1.0
2015-04-13,4580.0,4455.0,-0.02729257641921401,1.0
2015-04-14,4530.0,4455.0,-0.01655629139072845,1.0
2015-04-15,4510.0,4455.0,-0.012195121951219523,1.0
2015-04-16,4520.0,4455.0,-0.014380530973451378,1.0
2015-04-17,4510.0,4455.0,-0.012195121951219523,1.0
2015-04-20,4515.0,4455.0,-0.013289036544850474,1.0
2015-04-21,4505.0,4455.0,-0.011098779134295245,1.0
2015-04-22,4535.0,4455.0,-0.01764057331863289,1.0
2015-04-23,4500.0,4455.0,-0.010000000000000009,1.0
2015-04-24,4505.0,4455.0,-0.011098779134295245,1.0
2015-04-27,4455.0,4505.0,0.011223344556677839,0.0
2015-04-28,4505.0,,,
2015-04-29,,4510.0,,0.0
2015-04-30,4510.0,,,
2015-05-01,4460.0,,,
2015-05-04,,,,
2015-05-05,,,,
2015-05-06,,4470.0,,0.0
2015-05-07,4480.0,4470.0,-0.0022321428571429047,1.0
2015-05-08,4470.0,4475.0,0.0011185682326622093,0.0
2015-05-11,4480.0,4475.0,-0.0011160714285713969,1.0
2015-05-12,4475.0,4495.0,0.004469273743016755,0.0
2015-05-13,4495.0,4530.0,0.007786429365962189,0.0
2015-05-14,4530.0,4555.0,0.0055187637969094094,0.0
2015-05-15,4555.0,4565.0,0.002195389681668436,0.0
2015-05-18,4605.0,4565.0,-0.008686210640608039,1.0
2015-05-19,4595.0,4565.0,-0.006528835690968404,1.0
2015-05-20,4570.0,4565.0,-0.001094091903719896,1.0
2015-05-21,4585.0,4565.0,-0.004362050163576936,1.0
2015-05-22,4565.0,4585.0,0.004381161007666945,0.0
2015-05-25,4585.0,4590.0,0.0010905125408942062,0.0
2015-05-26,4605.0,4590.0,-0.0032573289902280145,1.0
2015-05-27,4590.0,4620.0,0.006535947712418277,0.0
2015-05-28,4620.0,4630.0,0.0021645021645022577,0.0
2015-05-29,4630.0,,,
2015-06-01,4650.0,4540.0,-0.023655913978494647,1.0
2015-06-02,4655.0,4540.0,-0.02470461868958107,1.0
2015-06-03,4635.0,4540.0,-0.02049622437971954,1.0
2015-06-04,4625.0,4540.0,-0.018378378378378413,1.0
2015-06-05,4605.0,4540.0,-0.014115092290988063,1.0
2015-06-08,4630.0,4540.0,-0.01943844492440605,1.0
2015-06-09,4610.0,4540.0,-0.015184381778741818,1.0
2015-06-10,4565.0,4540.0,-0.005476451259583737,1.0
2015-06-11,4605.0,4540.0,-0.014115092290988063,1.0
2015-06-12,4600.0,4540.0,-0.013043478260869601,1.0
2015-06-15,4585.0,4540.0,-0.009814612868047967,1.0
2015-06-16,4610.0,4540.0,-0.015184381778741818,1.0
2015-06-17,4580.0,4540.0,-0.008733624454148492,1.0
2015-06-18,4590.0,4540.0,-0.01089324618736387,1.0
2015-06-19,4650.0,4540.0,-0.023655913978494647,1.0
2015-06-22,4615.0,4540.0,-0.01625135427952329,1.0
2015-06-23,4615.0,4540.0,-0.01625135427952329,1.0
2015-06-24,4595.0,4540.0,-0.01196953210010876,1.0
2015-06-25,4585.0,4540.0,-0.009814612868047967,1.0
2015-06-26,4565.0,4540.0,-0.005476451259583737,1.0
2015-06-29,4570.0,4540.0,-0.006564551422319487,1.0
2015-06-30,4540.0,,,
2015-07-01,4545.0,4240.0,-0.0671067106710671,1.0
2015-07-02,4545.0,4240.0,-0.0671067106710671,1.0
2015-07-03,4535.0,4240.0,-0.06504961411245869,1.0
2015-07-06,4515.0,4240.0,-0.060908084163898146,1.0
2015-07-07,4525.0,4240.0,-0.06298342541436464,1.0
2015-07-08,4435.0,4240.0,-0.04396843291995489,1.0
2015-07-09,4465.0,4240.0,-0.05039193729003355,1.0
2015-07-10,4470.0,4240.0,-0.05145413870246085,1.0
2015-07-13,4490.0,4240.0,-0.055679287305122505,1.0
2015-07-14,4490.0,4240.0,-0.055679287305122505,1.0
2015-07-15,4485.0,4240.0,-0.05462653288740249,1.0
2015-07-16,4475.0,4240.0,-0.05251396648044693,1.0
2015-07-17,4480.0,,,
2015-07-20,,4240.0,,0.0
2015-07-21,4340.0,4240.0,-0.02304147465437789,1.0
2015-07-22,4275.0,4240.0,-0.008187134502923965,1.0
2015-07-23,4305.0,4240.0,-0.015098722415795574,1.0
2015-07-24,4250.0,4240.0,-0.0023529411764705577,1.0
2015-07-27,4275.0,4240.0,-0.008187134502923965,1.0
2015-07-28,4275.0,4240.0,-0.008187134502923965,1.0
2015-07-29,4280.0,4240.0,-0.009345794392523366,1.0
2015-07-30,4275.0,4240.0,-0.008187134502923965,1.0
2015-07-31,4240.0,,,
2015-08-03,4280.0,4245.0,-0.008177570093457986,1.0
2015-08-04,4245.0,4260.0,0.0035335689045936647,0.0
2015-08-05,4265.0,4260.0,-0.0011723329425556983,1.0
2015-08-06,4275.0,4260.0,-0.0035087719298245723,1.0
2015-08-07,4285.0,4260.0,-0.005834305717619559,1.0
2015-08-10,4305.0,4260.0,-0.010452961672473893,1.0
2015-08-11,4320.0,4260.0,-0.01388888888888884,1.0
2015-08-12,4375.0,4260.0,-0.026285714285714246,1.0
2015-08-13,4400.0,4260.0,-0.03181818181818186,1.0
2015-08-14,4365.0,4260.0,-0.02405498281786944,1.0
2015-08-17,4370.0,4260.0,-0.02517162471395884,1.0
2015-08-18,4375.0,4260.0,-0.026285714285714246,1.0
2015-08-19,4365.0,4260.0,-0.02405498281786944,1.0
2015-08-20,4450.0,4260.0,-0.04269662921348316,1.0
2015-08-21,4510.0,4260.0,-0.055432372505543226,1.0
2015-08-24,4410.0,4260.0,-0.03401360544217691,1.0
2015-08-25,4315.0,4260.0,-0.01274623406720743,1.0
2015-08-26,4280.0,4260.0,-0.004672897196261627,1.0
2015-08-27,4260.0,4305.0,0.010563380281690238,0.0
2015-08-28,4305.0,4330.0,0.005807200929152101,0.0
2015-08-31,4330.0,,,
2015-09-01,4325.0,4190.0,-0.031213872832369982,1.0
2015-09-02,4310.0,4190.0,-0.02784222737819031,1.0
2015-09-03,4290.0,4190.0,-0.023310023310023298,1.0
2015-09-04,4235.0,4190.0,-0.010625737898465215,1.0
2015-09-07,4220.0,4190.0,-0.007109004739336511,1.0
2015-09-08,4200.0,4190.0,-0.0023809523809523725,1.0
2015-09-09,4255.0,4190.0,-0.01527614571092828,1.0
2015-09-10,4215.0,4190.0,-0.005931198102016588,1.0
2015-09-11,4230.0,4190.0,-0.009456264775413725,1.0
2015-09-14,4200.0,4190.0,-0.0023809523809523725,1.0
2015-09-15,4190.0,4190.0,0.0,0.0
2015-09-16,4190.0,4235.0,0.010739856801909253,0.0
2015-09-17,4265.0,4235.0,-0.007033997655334079,1.0
2015-09-18,4260.0,,,
2015-09-21,,,,
2015-09-22,,,,
2015-09-23,,4235.0,,0.0
2015-09-24,4290.0,4235.0,-0.012820512820512775,1.0
2015-09-25,4335.0,4235.0,-0.023068050749711633,1.0
2015-09-28,4325.0,4235.0,-0.020809248554913284,1.0
2015-09-29,4235.0,4250.0,0.0035419126328217754,0.0
2015-09-30,4250.0,,,
2015-10-01,4225.0,4205.0,-0.004733727810650845,1.0
2015-10-02,4205.0,4280.0,0.017835909631391145,0.0
2015-10-05,4280.0,4300.0,0.004672897196261738,0.0
2015-10-06,4300.0,4315.0,0.0034883720930232176,0.0
2015-10-07,4350.0,4315.0,-0.008045977011494232,1.0
2015-10-08,4315.0,4330.0,0.0034762456546928444,0.0
2015-10-09,4330.0,,,
2015-10-12,,4350.0,,0.0
2015-10-13,4350.0,4370.0,0.0045977011494253706,0.0
2015-10-14,4390.0,4370.0,-0.004555808656036442,1.0
2015-10-15,4415.0,4370.0,-0.010192525481313663,1.0
2015-10-16,4400.0,4370.0,-0.006818181818181834,1.0
2015-10-19,4380.0,4370.0,-0.0022831050228310223,1.0
2015-10-20,4375.0,4370.0,-0.0011428571428571122,1.0
2015-10-21,4415.0,4370.0,-0.010192525481313663,1.0
2015-10-22,4375.0,4370.0,-0.0011428571428571122,1.0
2015-10-23,4405.0,4370.0,-0.007945516458569779,1.0
2015-10-26,4410.0,4370.0,-0.009070294784580546,1.0
2015-10-27,4405.0,4370.0,-0.007945516458569779,1.0
2015-10-28,4410.0,4370.0,-0.009070294784580546,1.0
2015-10-29,4410.0,4370.0,-0.009070294784580546,1.0
2015-10-30,4370.0,,,
2015-11-02,4315.0,,,
2015-11-03,,4120.0,,0.0
2015-11-04,4275.0,4120.0,-0.03625730994152043,1.0
2015-11-05,4245.0,4120.0,-0.029446407538280317,1.0
2015-11-06,4260.0,4120.0,-0.032863849765258246,1.0
2015-11-09,4250.0,4120.0,-0.030588235294117694,1.0
2015-11-10,4245.0,4120.0,-0.029446407538280317,1.0
2015-11-11,4230.0,4120.0,-0.026004728132387744,1.0
2015-11-12,4215.0,4120.0,-0.022538552787663146,1.0
2015-11-13,4195.0,4120.0,-0.017878426698450522,1.0
2015-11-16,4220.0,4120.0,-0.023696682464455,1.0
2015-11-17,4210.0,4120.0,-0.02137767220902609,1.0
2015-11-18,4170.0,4120.0,-0.011990407673860948,1.0
2015-11-19,4195.0,4120.0,-0.017878426698450522,1.0
2015-11-20,4215.0,,,
2015-11-23,,4120.0,,0.0
2015-11-24,4160.0,4120.0,-0.009615384615384581,1.0
2015-11-25,4180.0,4120.0,-0.014354066985645897,1.0
2015-11-26,4165.0,4120.0,-0.010804321728691502,1.0
2015-11-27,4150.0,4120.0,-0.0072289156626506035,1.0
2015-11-30,4120.0,,,
2015-12-01,4165.0,4065.0,-0.02400960384153661,1.0
2015-12-02,4150.0,4065.0,-0.02048192771084334,1.0
2015-12-03,4125.0,4065.0,-0.014545454545454528,1.0
2015-12-04,4125.0,4065.0,-0.014545454545454528,1.0
2015-12-07,4205.0,4065.0,-0.03329369797859694,1.0
2015-12-08,4155.0,4065.0,-0.02166064981949456,1.0
2015-12-09,4170.0,4065.0,-0.025179856115107868,1.0
2015-12-10,4120.0,4065.0,-0.013349514563106846,1.0
2015-12-11,4115.0,4065.0,-0.012150668286755817,1.0
2015-12-14,4110.0,4065.0,-0.010948905109489093,1.0
2015-12-15,4065.0,4065.0,0.0,0.0
2015-12-16,4090.0,4065.0,-0.006112469437652757,1.0
2015-12-17,4110.0,4065.0,-0.010948905109489093,1.0
2015-12-18,4065.0,4070.0,0.0012300123001229846,0.0
2015-12-21,4095.0,4070.0,-0.006105006105006083,1.0
2015-12-22,4115.0,,,
2015-12-23,,4070.0,,0.0
2015-12-24,4070.0,4070.0,0.0,0.0
2015-12-25,4075.0,4070.0,-0.0012269938650306678,1.0
2015-12-28,4070.0,4070.0,0.0,0.0
2015-12-29,4070.0,4070.0,0.0,0.0
2015-12-30,4070.0,,,
2015-12-31,,,,
2016-01-01,,4005.0,,0.0
2016-01-04,4025.0,4005.0,-0.004968944099378869,1.0
2016-01-05,4060.0,4005.0,-0.013546798029556606,1.0
2016-01-06,4045.0,4005.0,-0.00988875154511748,1.0
2016-01-07,4080.0,4005.0,-0.018382352941176516,1.0
2016-01-08,4115.0,,,
2016-01-11,,4005.0,,0.0
2016-01-12,4055.0,4005.0,-0.012330456226880449,1.0
2016-01-13,4065.0,4005.0,-0.014760147601476037,1.0
2016-01-14,4040.0,4005.0,-0.008663366336633671,1.0
2016-01-15,4010.0,4005.0,-0.0012468827930174342,1.0
2016-01-18,4035.0,4005.0,-0.0074349442379182396,1.0
2016-01-19,4035.0,4005.0,-0.0074349442379182396,1.0
2016-01-20,4005.0,4045.0,0.009987515605493158,0.0
2016-01-21,4045.0,4075.0,0.007416563658838138,0.0
2016-01-22,4075.0,4095.0,0.004907975460122671,0.0
2016-01-25,4095.0,4130.0,0.008547008547008517,0.0
2016-01-26,4130.0,4165.0,0.008474576271186418,0.0
2016-01-27,4165.0,4180.0,0.0036014405762305746,0.0
2016-01-28,4180.0,4235.0,0.013157894736842035,0.0
2016-01-29,4235.0,,,
2016-02-01,4285.0,4240.0,-0.010501750291715295,1.0
2016-02-02,4275.0,4240.0,-0.008187134502923965,1.0
2016-02-03,4255.0,4240.0,-0.003525264394829586,1.0
2016-02-04,4240.0,4250.0,0.002358490566037652,0.0
2016-02-05,4250.0,4285.0,0.008235294117647118,0.0
2016-02-08,4300.0,4285.0,-0.0034883720930232176,1.0
2016-02-09,4315.0,4285.0,-0.006952491309385911,1.0
2016-02-10,4285.0,,,
2016-02-11,,4295.0,,0.0
2016-02-12,4360.0,4295.0,-0.014908256880733939,1.0
2016-02-15,4375.0,4295.0,-0.01828571428571424,1.0
2016-02-16,4295.0,4300.0,0.0011641443538998875,0.0
2016-02-17,4305.0,4300.0,-0.0011614401858304202,1.0
2016-02-18,4320.0,4300.0,-0.00462962962962965,1.0
2016-02-19,4360.0,4300.0,-0.013761467889908285,1.0
2016-02-22,4315.0,4300.0,-0.0034762456546929554,1.0
2016-02-23,4300.0,4315.0,0.0034883720930232176,0.0
2016-02-24,4315.0,4360.0,0.010428736964078755,0.0
2016-02-25,4360.0,4360.0,0.0,0.0
2016-02-26,4375.0,4360.0,-0.0034285714285714475,1.0
2016-02-29,4360.0,,,
2016-03-01,4400.0,4315.0,-0.01931818181818179,1.0
2016-03-02,4380.0,4315.0,-0.014840182648401812,1.0
2016-03-03,4430.0,4315.0,-0.025959367945823875,1.0
2016-03-04,4500.0,4315.0,-0.0411111111111111,1.0
2016-03-07,4500.0,4315.0,-0.0411111111111111,1.0
2016-03-08,4495.0,4315.0,-0.04004449388209119,1.0
2016-03-09,4440.0,4315.0,-0.028153153153153143,1.0
2016-03-10,4455.0,4315.0,-0.03142536475869806,1.0
2016-03-11,4540.0,4315.0,-0.04955947136563876,1.0
2016-03-14,4490.0,4315.0,-0.03897550111358572,1.0
2016-03-15,4370.0,4315.0,-0.01258581235697942,1.0
2016-03-16,4385.0,4315.0,-0.015963511972634015,1.0
2016-03-17,4435.0,4315.0,-0.027057497181510737,1.0
2016-03-18,4430.0,,,
2016-03-21,,4315.0,,0.0
2016-03-22,4380.0,4315.0,-0.014840182648401812,1.0
2016-03-23,4365.0,4315.0,-0.01145475372279492,1.0
2016-03-24,4315.0,4320.0,0.0011587485515642815,0.0
2016-03-25,4320.0,4330.0,0.0023148148148148806,0.0
2016-03-28,4330.0,4340.0,0.002309468822170979,0.0
2016-03-29,4340.0,4340.0,0.0,0.0
2016-03-30,4355.0,4340.0,-0.003444316877152742,1.0
2016-03-31,4340.0,,,
2016-04-01,4350.0,4195.0,-0.03563218390804601,1.0
2016-04-04,4265.0,4195.0,-0.016412661195779554,1.0
2016-04-05,4270.0,4195.0,-0.01756440281030447,1.0
2016-04-06,4250.0,4195.0,-0.012941176470588234,1.0
2016-04-07,4215.0,4195.0,-0.004744958481613271,1.0
2016-04-08,4230.0,4195.0,-0.008274231678486954,1.0
2016-04-11,4230.0,4195.0,-0.008274231678486954,1.0
2016-04-12,4270.0,4195.0,-0.01756440281030447,1.0
2016-04-13,4275.0,4195.0,-0.018713450292397682,1.0
2016-04-14,4240.0,4195.0,-0.010613207547169767,1.0
2016-04-15,4240.0,4195.0,-0.010613207547169767,1.0
2016-04-18,4195.0,4225.0,0.007151370679380209,0.0
2016-04-19,4225.0,4265.0,0.00946745562130169,0.0
2016-04-20,4265.0,4290.0,0.0058616647127784915,0.0
2016-04-21,4310.0,4290.0,-0.004640371229698403,1.0
2016-04-22,4310.0,4290.0,-0.004640371229698403,1.0
2016-04-25,4300.0,4290.0,-0.0023255813953488857,1.0
2016-04-26,4300.0,4290.0,-0.0023255813953488857,1.0
2016-04-27,4340.0,4290.0,-0.011520737327188946,1.0
2016-04-28,4290.0,,,
2016-04-29,,,,
2016-05-02,4325.0,,,
2016-05-03,,,,
2016-05-04,,,,
2016-05-05,,4200.0,,0.0
2016-05-06,4300.0,4200.0,-0.023255813953488413,1.0
2016-05-09,4330.0,4200.0,-0.03002309468822173,1.0
2016-05-10,4320.0,4200.0,-0.02777777777777779,1.0
2016-05-11,4340.0,4200.0,-0.032258064516129004,1.0
2016-05-12,4345.0,4200.0,-0.03337169159953968,1.0
2016-05-13,4355.0,4200.0,-0.03559127439724452,1.0
2016-05-16,4365.0,4200.0,-0.037800687285223344,1.0
2016-05-17,4375.0,4200.0,-0.040000000000000036,1.0
2016-05-18,4370.0,4200.0,-0.0389016018306636,1.0
2016-05-19,4340.0,4200.0,-0.032258064516129004,1.0
2016-05-20,4335.0,4200.0,-0.03114186851211076,1.0
2016-05-23,4300.0,4200.0,-0.023255813953488413,1.0
2016-05-24,4270.0,4200.0,-0.016393442622950838,1.0
2016-05-25,4235.0,4200.0,-0.008264462809917328,1.0
2016-05-26,4235.0,4200.0,-0.008264462809917328,1.0
2016-05-27,4210.0,4200.0,-0.002375296912114022,1.0
2016-05-30,4200.0,4245.0,0.010714285714285676,0.0
2016-05-31,4245.0,,,
2016-06-01,4200.0,4140.0,-0.014285714285714235,1.0
2016-06-02,4155.0,4140.0,-0.0036101083032491488,1.0
2016-06-03,4140.0,4150.0,0.0024154589371980784,0.0
2016-06-06,4175.0,4150.0,-0.005988023952095856,1.0
2016-06-07,4205.0,4150.0,-0.013079667063020217,1.0
2016-06-08,4205.0,4150.0,-0.013079667063020217,1.0
2016-06-09,4230.0,4150.0,-0.01891252955082745,1.0
2016-06-10,4250.0,4150.0,-0.02352941176470591,1.0
2016-06-13,4265.0,4150.0,-0.026963657678780728,1.0
2016-06-14,4260.0,4150.0,-0.025821596244131495,1.0
2016-06-15,4275.0,4150.0,-0.0292397660818714,1.0
2016-06-16,4265.0,4150.0,-0.026963657678780728,1.0
2016-06-17,4205.0,4150.0,-0.013079667063020217,1.0
2016-06-20,4210.0,4150.0,-0.014251781472684133,1.0
2016-06-21,4200.0,4150.0,-0.011904761904761862,1.0
2016-06-22,4150.0,4165.0,0.0036144578313253017,0.0
2016-06-23,4165.0,4220.0,0.013205282112845218,0.0
2016-06-24,4255.0,4220.0,-0.008225616921269108,1.0
2016-06-27,4245.0,4220.0,-0.005889281507656108,1.0
2016-06-28,4220.0,4235.0,0.0035545023696681444,0.0
2016-06-29,4235.0,4250.0,0.0035419126328217754,0.0
2016-06-30,4250.0,,,
2016-07-01,4305.0,4285.0,-0.004645760743321681,1.0
2016-07-04,4345.0,4285.0,-0.013808975834292303,1.0
2016-07-05,4305.0,4285.0,-0.004645760743321681,1.0
2016-07-06,4345.0,4285.0,-0.013808975834292303,1.0
2016-07-07,4330.0,4285.0,-0.010392609699769073,1.0
2016-07-08,4285.0,4295.0,0.002333722287047868,0.0
2016-07-11,4335.0,4295.0,-0.009227220299884653,1.0
2016-07-12,4365.0,4295.0,-0.016036655211912998,1.0
2016-07-13,4360.0,4295.0,-0.014908256880733939,1.0
2016-07-14,4390.0,4295.0,-0.021640091116173155,1.0
2016-07-15,4385.0,,,
2016-07-18,,4295.0,,0.0
2016-07-19,4390.0,4295.0,-0.021640091116173155,1.0
2016-07-20,4405.0,4295.0,-0.024971623155505163,1.0
2016-07-21,4400.0,4295.0,-0.02386363636363631,1.0
2016-07-22,4380.0,4295.0,-0.019406392694063967,1.0
2016-07-25,4375.0,4295.0,-0.01828571428571424,1.0
2016-07-26,4295.0,4335.0,0.0093131548311991,0.0
2016-07-27,4350.0,4335.0,-0.0034482758620689724,1.0
2016-07-28,4385.0,4335.0,-0.011402508551881407,1.0
2016-07-29,4335.0,,,
2016-08-01,4330.0,4180.0,-0.034642032332563466,1.0
2016-08-02,4330.0,4180.0,-0.034642032332563466,1.0
2016-08-03,4305.0,4180.0,-0.029036004645760727,1.0
2016-08-04,4295.0,4180.0,-0.0267753201396973,1.0
2016-08-05,4320.0,4180.0,-0.03240740740740744,1.0
2016-08-08,4275.0,4180.0,-0.022222222222222254,1.0
2016-08-09,4275.0,4180.0,-0.022222222222222254,1.0
2016-08-10,4295.0,,,
2016-08-11,,4180.0,,0.0
2016-08-12,4285.0,4180.0,-0.02450408401400228,1.0
2016-08-15,4255.0,4180.0,-0.01762632197414804,1.0
2016-08-16,4240.0,4180.0,-0.014150943396226467,1.0
2016-08-17,4260.0,4180.0,-0.018779342723004744,1.0
2016-08-18,4240.0,4180.0,-0.014150943396226467,1.0
2016-08-19,4240.0,4180.0,-0.014150943396226467,1.0
2016-08-22,4215.0,4180.0,-0.008303677342823224,1.0
2016-08-23,4205.0,4180.0,-0.005945303210463715,1.0
2016-08-24,4215.0,4180.0,-0.008303677342823224,1.0
2016-08-25,4185.0,4180.0,-0.0011947431302270495,1.0
2016-08-26,4180.0,4235.0,0.013157894736842035,0.0
2016-08-29,4235.0,4235.0,0.0,0.0
2016-08-30,4235.0,4250.0,0.0035419126328217754,0.0
2016-08-31,4250.0,,,
2016-09-01,4240.0,4190.0,-0.011792452830188704,1.0
2016-09-02,4245.0,4190.0,-0.012956419316843326,1.0
2016-09-05,4280.0,4190.0,-0.0210280373831776,1.0
2016-09-06,4295.0,4190.0,-0.024447031431897526,1.0
2016-09-07,4295.0,4190.0,-0.024447031431897526,1.0
2016-09-08,4280.0,4190.0,-0.0210280373831776,1.0
2016-09-09,4285.0,4190.0,-0.022170361726954524,1.0
2016-09-12,4260.0,4190.0,-0.016431924882629123,1.0
2016-09-13,4245.0,4190.0,-0.012956419316843326,1.0
2016-09-14,4265.0,4190.0,-0.017584994138335253,1.0
2016-09-15,4235.0,4190.0,-0.010625737898465215,1.0
2016-09-16,4210.0,,,
2016-09-19,,4190.0,,0.0
2016-09-20,4190.0,4190.0,0.0,0.0
2016-09-21,4220.0,,,
2016-09-22,,4190.0,,0.0
2016-09-23,4235.0,4190.0,-0.010625737898465215,1.0
2016-09-26,4215.0,4190.0,-0.005931198102016588,1.0
2016-09-27,4225.0,4190.0,-0.008284023668639007,1.0
2016-09-28,4190.0,4210.0,0.004773269689737569,0.0
2016-09-29,4220.0,4210.0,-0.0023696682464454666,1.0
2016-09-30,4210.0,,,
2016-10-03,4185.0,4105.0,-0.019115890083632014,1.0
2016-10-04,4205.0,4105.0,-0.02378121284185497,1.0
2016-10-05,4125.0,4105.0,-0.00484848484848488,1.0
2016-10-06,4120.0,4105.0,-0.00364077669902918,1.0
2016-10-07,4105.0,,,
2016-10-10,,4110.0,,0.0
2016-10-11,4130.0,4110.0,-0.004842615012106588,1.0
2016-10-12,4110.0,4115.0,0.0012165450121655041,0.0
2016-10-13,4115.0,4120.0,0.0012150668286756705,0.0
2016-10-14,4120.0,4120.0,0.0,0.0
2016-10-17,4120.0,4120.0,0.0,0.0
2016-10-18,4120.0,4125.0,0.0012135922330096527,0.0
2016-10-19,4130.0,4125.0,-0.001210653753026647,1.0
2016-10-20,4155.0,4125.0,-0.0072202166064981865,1.0
2016-10-21,4135.0,4125.0,-0.00241837968561065,1.0
2016-10-24,4125.0,4155.0,0.0072727272727273196,0.0
2016-10-25,4155.0,4160.0,0.001203369434416457,0.0
2016-10-26,4160.0,4165.0,0.0012019230769231282,0.0
2016-10-27,4165.0,4190.0,0.006002400960384069,0.0
2016-10-28,4190.0,4190.0,0.0,0.0
2016-10-31,4190.0,,,
2016-11-01,4205.0,4090.0,-0.027348394768133222,1.0
2016-11-02,4190.0,,,
2016-11-03,,4090.0,,0.0
2016-11-04,4195.0,4090.0,-0.02502979737783073,1.0
2016-11-07,4200.0,4090.0,-0.02619047619047621,1.0
2016-11-08,4190.0,4090.0,-0.023866348448687402,1.0
2016-11-09,4235.0,4090.0,-0.03423848878394331,1.0
2016-11-10,4240.0,4090.0,-0.035377358490566,1.0
2016-11-11,4195.0,4090.0,-0.02502979737783073,1.0
2016-11-14,4090.0,4135.0,0.011002444987775029,0.0
2016-11-15,4135.0,4165.0,0.007255139056831839,0.0
2016-11-16,4190.0,4165.0,-0.005966587112171795,1.0
2016-11-17,4175.0,4165.0,-0.0023952095808382756,1.0
2016-11-18,4175.0,4165.0,-0.0023952095808382756,1.0
2016-11-21,4195.0,4165.0,-0.007151370679380209,1.0
2016-11-22,4210.0,,,
2016-11-23,,4165.0,,0.0
2016-11-24,4165.0,4170.0,0.0012004801920768582,0.0
2016-11-25,4175.0,4170.0,-0.0011976047904191933,1.0
2016-11-28,4170.0,4170.0,0.0,0.0
2016-11-29,4170.0,4190.0,0.004796163069544335,0.0
2016-11-30,4190.0,,,
2016-12-01,4180.0,4160.0,-0.004784688995215336,1.0
2016-12-02,4190.0,4160.0,-0.007159904534606243,1.0
2016-12-05,4185.0,4160.0,-0.005973715651135025,1.0
2016-12-06,4170.0,4160.0,-0.0023980815347721673,1.0
2016-12-07,4170.0,4160.0,-0.0023980815347721673,1.0
2016-12-08,4170.0,4160.0,-0.0023980815347721673,1.0
2016-12-09,4170.0,4160.0,-0.0023980815347721673,1.0
2016-12-12,4165.0,4160.0,-0.0012004801920768582,1.0
2016-12-13,4170.0,4160.0,-0.0023980815347721673,1.0
2016-12-14,4185.0,4160.0,-0.005973715651135025,1.0
2016-12-15,4195.0,4160.0,-0.008343265792610244,1.0
2016-12-16,4180.0,4160.0,-0.004784688995215336,1.0
2016-12-19,4175.0,4160.0,-0.003592814371257469,1.0
2016-12-20,4185.0,4160.0,-0.005973715651135025,1.0
2016-12-21,4185.0,4160.0,-0.005973715651135025,1.0
2016-12-22,4165.0,,,
2016-12-23,,4160.0,,0.0
2016-12-26,4160.0,4170.0,0.0024038461538462563,0.0
2016-12-27,4170.0,4190.0,0.004796163069544335,0.0
2016-12-28,4200.0,4190.0,-0.0023809523809523725,1.0
2016-12-29,4190.0,4240.0,0.01193317422434359,0.0
2016-12-30,4240.0,,,
2017-01-02,,,,
2017-01-03,,4255.0,,0.0
2017-01-04,4280.0,4255.0,-0.005841121495327117,1.0
2017-01-05,4280.0,4255.0,-0.005841121495327117,1.0
2017-01-06,4270.0,,,
2017-01-09,,4255.0,,0.0
2017-01-10,4275.0,4255.0,-0.004678362573099393,1.0
2017-01-11,4290.0,4255.0,-0.00815850815850816,1.0
2017-01-12,4290.0,4255.0,-0.00815850815850816,1.0
2017-01-13,4280.0,4255.0,-0.005841121495327117,1.0
2017-01-16,4280.0,4255.0,-0.005841121495327117,1.0
2017-01-17,4280.0,4255.0,-0.005841121495327117,1.0
2017-01-18,4290.0,4255.0,-0.00815850815850816,1.0
2017-01-19,4305.0,4255.0,-0.011614401858304313,1.0
2017-01-20,4315.0,4255.0,-0.01390498261877171,1.0
2017-01-23,4315.0,4255.0,-0.01390498261877171,1.0
2017-01-24,4280.0,4255.0,-0.005841121495327117,1.0
2017-01-25,4275.0,4255.0,-0.004678362573099393,1.0
2017-01-26,4255.0,4255.0,0.0,0.0
2017-01-27,4255.0,4275.0,0.004700352526439522,0.0
2017-01-30,4280.0,4275.0,-0.001168224299065379,1.0
2017-01-31,4275.0,,,
2017-02-01,4285.0,4285.0,0.0,0.0
2017-02-02,4285.0,4290.0,0.001166861143523823,0.0
2017-02-03,4290.0,4305.0,0.0034965034965035446,0.0
2017-02-06,4305.0,4310.0,0.0011614401858304202,0.0
2017-02-07,4310.0,4325.0,0.0034802784222738303,0.0
2017-02-08,4325.0,4340.0,0.003468208092485492,0.0
2017-02-09,4350.0,4340.0,-0.0022988505747126853,1.0
2017-02-10,4345.0,4340.0,-0.0011507479861909697,1.0
2017-02-13,4355.0,4340.0,-0.003444316877152742,1.0
2017-02-14,4340.0,4350.0,0.0023041474654377225,0.0
2017-02-15,4365.0,4350.0,-0.0034364261168384758,1.0
2017-02-16,4380.0,4350.0,-0.006849315068493178,1.0
2017-02-17,4380.0,4350.0,-0.006849315068493178,1.0
2017-02-20,4350.0,4360.0,0.0022988505747125743,0.0
2017-02-21,4360.0,4360.0,0.0,0.0
2017-02-22,4360.0,4365.0,0.0011467889908256534,0.0
2017-02-23,4365.0,4385.0,0.004581901489117968,0.0
2017-02-24,4395.0,4385.0,-0.0022753128555176305,1.0
2017-02-27,4385.0,4385.0,0.0,0.0
2017-02-28,4385.0,,,
2017-03-01,4395.0,4305.0,-0.020477815699658675,1.0
2017-03-02,4415.0,4305.0,-0.02491506228765572,1.0
2017-03-03,4385.0,4305.0,-0.018244013683010207,1.0
2017-03-06,4380.0,4305.0,-0.017123287671232834,1.0
2017-03-07,4360.0,4305.0,-0.012614678899082521,1.0
2017-03-08,4325.0,4305.0,-0.0046242774566473965,1.0
2017-03-09,4310.0,4305.0,-0.001160092807424573,1.0
2017-03-10,4320.0,4305.0,-0.00347222222222221,1.0
2017-03-13,4320.0,4305.0,-0.00347222222222221,1.0
2017-03-14,4320.0,4305.0,-0.00347222222222221,1.0
2017-03-15,4305.0,4320.0,0.0034843205574912606,0.0
2017-03-16,4335.0,4320.0,-0.0034602076124568004,1.0
2017-03-17,4355.0,,,
2017-03-20,,4320.0,,0.0
2017-03-21,4335.0,4320.0,-0.0034602076124568004,1.0
2017-03-22,4345.0,4320.0,-0.005753739930955071,1.0
2017-03-23,4345.0,4320.0,-0.005753739930955071,1.0
2017-03-24,4335.0,4320.0,-0.0034602076124568004,1.0
2017-03-27,4340.0,4320.0,-0.004608294930875556,1.0
2017-03-28,4340.0,4320.0,-0.004608294930875556,1.0
2017-03-29,4335.0,4320.0,-0.0034602076124568004,1.0
2017-03-30,4325.0,4320.0,-0.0011560693641619046,1.0
2017-03-31,4320.0,,,
2017-04-03,4340.0,4335.0,-0.0011520737327188613,1.0
2017-04-04,4335.0,4340.0,0.0011534025374855261,0.0
2017-04-05,4345.0,4340.0,-0.0011507479861909697,1.0
2017-04-06,4340.0,4355.0,0.003456221198156584,0.0
2017-04-07,4375.0,4355.0,-0.00457142857142856,1.0
2017-04-10,4375.0,4355.0,-0.00457142857142856,1.0
2017-04-11,4355.0,4360.0,0.0011481056257176547,0.0
2017-04-12,4380.0,4360.0,-0.004566210045662156,1.0
2017-04-13,4380.0,4360.0,-0.004566210045662156,1.0
2017-04-14,4405.0,4360.0,-0.010215664018161208,1.0
2017-04-17,4360.0,4370.0,0.002293577981651307,0.0
2017-04-18,4375.0,4370.0,-0.0011428571428571122,1.0
2017-04-19,4380.0,4370.0,-0.0022831050228310223,1.0
2017-04-20,4370.0,4375.0,0.0011441647597254523,0.0
2017-04-21,4375.0,4390.0,0.0034285714285713365,0.0
2017-04-24,4395.0,4390.0,-0.0011376564277588708,1.0
2017-04-25,4390.0,4390.0,0.0,0.0
2017-04-26,4395.0,4390.0,-0.0011376564277588708,1.0
2017-04-27,4390.0,4395.0,0.001138952164009055,0.0
2017-04-28,4395.0,,,
2017-05-01,4415.0,4330.0,-0.01925254813137034,1.0
2017-05-02,4390.0,,,
2017-05-03,,,,
2017-05-04,,,,
2017-05-05,,4330.0,,0.0
2017-05-08,4330.0,4340.0,0.002309468822170979,0.0
2017-05-09,4340.0,4345.0,0.0011520737327188613,0.0
2017-05-10,4345.0,4350.0,0.0011507479861909697,0.0
2017-05-11,4350.0,4355.0,0.0011494252873562871,0.0
2017-05-12,4360.0,4355.0,-0.0011467889908256534,1.0
2017-05-15,4370.0,4355.0,-0.003432494279176246,1.0
2017-05-16,4390.0,4355.0,-0.007972665148063829,1.0
2017-05-17,4380.0,4355.0,-0.005707762557077611,1.0
2017-05-18,4385.0,4355.0,-0.0068415051311288,1.0
2017-05-19,4355.0,4365.0,0.0022962112514350874,0.0
2017-05-22,4370.0,4365.0,-0.0011441647597254523,1.0
2017-05-23,4390.0,4365.0,-0.005694760820045608,1.0
2017-05-24,4370.0,4365.0,-0.0011441647597254523,1.0
2017-05-25,4380.0,4365.0,-0.003424657534246589,1.0
2017-05-26,4365.0,4380.0,0.0034364261168384758,0.0
2017-05-29,4390.0,4380.0,-0.002277904328018221,1.0
2017-05-30,4395.0,4380.0,-0.0034129692832765013,1.0
2017-05-31,4380.0,,,
2017-06-01,4385.0,4315.0,-0.015963511972634015,1.0
2017-06-02,4380.0,4315.0,-0.014840182648401812,1.0
2017-06-05,4405.0,4315.0,-0.020431328036322416,1.0
2017-06-06,4400.0,4315.0,-0.01931818181818179,1.0
2017-06-07,4400.0,4315.0,-0.01931818181818179,1.0
2017-06-08,4400.0,4315.0,-0.01931818181818179,1.0
2017-06-09,4370.0,4315.0,-0.01258581235697942,1.0
2017-06-12,4365.0,4315.0,-0.01145475372279492,1.0
2017-06-13,4355.0,4315.0,-0.009184845005740572,1.0
2017-06-14,4365.0,4315.0,-0.01145475372279492,1.0
2017-06-15,4325.0,4315.0,-0.0023121387283236983,1.0
2017-06-16,4355.0,4315.0,-0.009184845005740572,1.0
2017-06-19,4325.0,4315.0,-0.0023121387283236983,1.0
2017-06-20,4325.0,4315.0,-0.0023121387283236983,1.0
2017-06-21,4315.0,4325.0,0.002317497103128563,0.0
2017-06-22,4325.0,4335.0,0.0023121387283238093,0.0
2017-06-23,4340.0,4335.0,-0.0011520737327188613,1.0
2017-06-26,4345.0,4335.0,-0.0023014959723820505,1.0
2017-06-27,4335.0,4350.0,0.0034602076124568004,0.0
2017-06-28,4365.0,4350.0,-0.0034364261168384758,1.0
2017-06-29,4385.0,4350.0,-0.007981755986317007,1.0
2017-06-30,4350.0,,,
2017-07-03,4345.0,4310.0,-0.008055235903337121,1.0
2017-07-04,4325.0,4310.0,-0.003468208092485603,1.0
2017-07-05,4335.0,4310.0,-0.005767012687427964,1.0
2017-07-06,4335.0,4310.0,-0.005767012687427964,1.0
2017-07-07,4340.0,4310.0,-0.00691244239631339,1.0
2017-07-10,4315.0,4310.0,-0.0011587485515642815,1.0
2017-07-11,4330.0,4310.0,-0.004618937644341847,1.0
2017-07-12,4330.0,4310.0,-0.004618937644341847,1.0
2017-07-13,4325.0,4310.0,-0.003468208092485603,1.0
2017-07-14,4310.0,,,
2017-07-17,,4325.0,,0.0
2017-07-18,4335.0,4325.0,-0.0023068050749711633,1.0
2017-07-19,4325.0,4330.0,0.0011560693641619046,0.0
2017-07-20,4330.0,4340.0,0.002309468822170979,0.0
2017-07-21,4360.0,4340.0,-0.004587155963302725,1.0
2017-07-24,4340.0,4350.0,0.0023041474654377225,0.0
2017-07-25,4365.0,4350.0,-0.0034364261168384758,1.0
2017-07-26,4350.0,4365.0,0.0034482758620688614,0.0
2017-07-27,4370.0,4365.0,-0.0011441647597254523,1.0
2017-07-28,4370.0,4365.0,-0.0011441647597254523,1.0
2017-07-31,4365.0,,,
2017-08-01,4365.0,4350.0,-0.0034364261168384758,1.0
2017-08-02,4365.0,4350.0,-0.0034364261168384758,1.0
2017-08-03,4360.0,4350.0,-0.002293577981651418,1.0
2017-08-04,4360.0,4350.0,-0.002293577981651418,1.0
2017-08-07,4355.0,4350.0,-0.0011481056257175437,1.0
2017-08-08,4355.0,4350.0,-0.0011481056257175437,1.0
2017-08-09,4350.0,4375.0,0.005747126436781658,0.0
2017-08-10,4380.0,4375.0,-0.0011415525114155667,1.0
2017-08-11,4380.0,4375.0,-0.0011415525114155667,1.0
2017-08-14,4390.0,4375.0,-0.003416856492027387,1.0
2017-08-15,4375.0,4380.0,0.0011428571428571122,0.0
2017-08-16,4380.0,4380.0,0.0,0.0
2017-08-17,4395.0,4380.0,-0.0034129692832765013,1.0
2017-08-18,4390.0,4380.0,-0.002277904328018221,1.0
2017-08-21,4380.0,4395.0,0.003424657534246478,0.0
2017-08-22,4395.0,4395.0,0.0,0.0
2017-08-23,4395.0,4400.0,0.0011376564277587597,0.0
2017-08-24,4400.0,4400.0,0.0,0.0
2017-08-25,4400.0,4400.0,0.0,0.0
2017-08-28,4400.0,4445.0,0.010227272727272751,0.0
2017-08-29,4445.0,4460.0,0.003374578177727683,0.0
2017-08-30,4460.0,4460.0,0.0,0.0
2017-08-31,4460.0,,,
2017-09-01,4505.0,4495.0,-0.002219755826859071,1.0
2017-09-04,4540.0,4495.0,-0.009911894273127775,1.0
2017-09-05,4535.0,4495.0,-0.008820286659316445,1.0
2017-09-06,4520.0,4495.0,-0.00553097345132747,1.0
2017-09-07,4525.0,4495.0,-0.006629834254143652,1.0
2017-09-08,4545.0,4495.0,-0.011001100110010986,1.0
2017-09-11,4495.0,4495.0,0.0,0.0
2017-09-12,4500.0,4495.0,-0.0011111111111110628,1.0
2017-09-13,4540.0,4495.0,-0.009911894273127775,1.0
2017-09-14,4525.0,4495.0,-0.006629834254143652,1.0
2017-09-15,4555.0,4495.0,-0.013172338090010949,1.0
2017-09-18,4555.0,4495.0,-0.013172338090010949,1.0
2017-09-19,4535.0,4495.0,-0.008820286659316445,1.0
2017-09-20,4545.0,4495.0,-0.011001100110010986,1.0
2017-09-21,4525.0,4495.0,-0.006629834254143652,1.0
2017-09-22,4520.0,4495.0,-0.00553097345132747,1.0
2017-09-25,4500.0,4495.0,-0.0011111111111110628,1.0
2017-09-26,4545.0,4495.0,-0.011001100110010986,1.0
2017-09-27,4530.0,4495.0,-0.007726269315673329,1.0
2017-09-28,4495.0,4515.0,0.004449388209121219,0.0
2017-09-29,4515.0,,,
2017-10-02,4490.0,4475.0,-0.0033407572383074013,1.0
2017-10-03,4485.0,4475.0,-0.0022296544035674826,1.0
2017-10-04,4485.0,4475.0,-0.0022296544035674826,1.0
2017-10-05,4490.0,4475.0,-0.0033407572383074013,1.0
2017-10-06,4475.0,4475.0,0.0,0.0
2017-10-09,4475.0,4505.0,0.006703910614525244,0.0
2017-10-10,4510.0,4505.0,-0.0011086474501108556,1.0
2017-10-11,4515.0,4505.0,-0.0022148394241418012,1.0
2017-10-12,4540.0,4505.0,-0.00770925110132159,1.0
2017-10-13,4540.0,4505.0,-0.00770925110132159,1.0
2017-10-16,4530.0,4505.0,-0.0055187637969095205,1.0
2017-10-17,4525.0,4505.0,-0.0044198895027623974,1.0
2017-10-18,4505.0,4505.0,0.0,0.0
2017-10-19,4510.0,4505.0,-0.0011086474501108556,1.0
2017-10-20,4525.0,4505.0,-0.0044198895027623974,1.0
2017-10-23,4525.0,4505.0,-0.0044198895027623974,1.0
2017-10-24,4550.0,4505.0,-0.009890109890109855,1.0
2017-10-25,4535.0,4505.0,-0.006615214994487362,1.0
2017-10-26,4545.0,4505.0,-0.008800880088008833,1.0
2017-10-27,4520.0,4505.0,-0.0033185840707964376,1.0
2017-10-30,4520.0,4505.0,-0.0033185840707964376,1.0
2017-10-31,4505.0,,,
2017-11-01,4525.0,4495.0,-0.006629834254143652,1.0
2017-11-02,4530.0,4495.0,-0.007726269315673329,1.0
2017-11-03,4530.0,4495.0,-0.007726269315673329,1.0
2017-11-06,4530.0,4495.0,-0.007726269315673329,1.0
2017-11-07,4555.0,4495.0,-0.013172338090010949,1.0
2017-11-08,4550.0,4495.0,-0.012087912087912045,1.0
2017-11-09,4550.0,4495.0,-0.012087912087912045,1.0
2017-11-10,4545.0,4495.0,-0.011001100110010986,1.0
2017-11-13,4535.0,4495.0,-0.008820286659316445,1.0
2017-11-14,4540.0,4495.0,-0.009911894273127775,1.0
2017-11-15,4535.0,4495.0,-0.008820286659316445,1.0
2017-11-16,4520.0,4495.0,-0.00553097345132747,1.0
2017-11-17,4525.0,4495.0,-0.006629834254143652,1.0
2017-11-20,4525.0,4495.0,-0.006629834254143652,1.0
2017-11-21,4510.0,4495.0,-0.003325942350332567,1.0
2017-11-22,4500.0,4495.0,-0.0011111111111110628,1.0
2017-11-23,4500.0,4495.0,-0.0011111111111110628,1.0
2017-11-24,4510.0,4495.0,-0.003325942350332567,1.0
2017-11-27,4495.0,4500.0,0.0011123470522802492,0.0
2017-11-28,4500.0,4505.0,0.0011111111111110628,0.0
2017-11-29,4530.0,4505.0,-0.0055187637969095205,1.0
2017-11-30,4505.0,,,
2017-12-01,4495.0,4420.0,-0.016685205784204626,1.0
2017-12-04,4490.0,4420.0,-0.015590200445434244,1.0
2017-12-05,4485.0,4420.0,-0.01449275362318836,1.0
2017-12-06,4445.0,4420.0,-0.0056242969628796935,1.0
2017-12-07,4435.0,4420.0,-0.0033821871476887866,1.0
2017-12-08,4445.0,4420.0,-0.0056242969628796935,1.0
2017-12-11,4445.0,4420.0,-0.0056242969628796935,1.0
2017-12-12,4435.0,4420.0,-0.0033821871476887866,1.0
2017-12-13,4420.0,4425.0,0.0011312217194570096,0.0
2017-12-14,4435.0,4425.0,-0.0022547914317925244,1.0
2017-12-15,4425.0,4425.0,0.0,0.0
2017-12-18,4425.0,4445.0,0.004519774011299438,0.0
2017-12-19,4445.0,4465.0,0.004499437570303799,0.0
2017-12-20,4465.0,4490.0,0.005599104143336975,0.0
2017-12-21,4490.0,4490.0,0.0,0.0
2017-12-22,4490.0,4495.0,0.00111358574610243,0.0
2017-12-25,4495.0,4520.0,0.005561735261401468,0.0
2017-12-26,4520.0,4525.0,0.0011061946902655162,0.0
2017-12-27,4525.0,4550.0,0.005524861878453136,0.0
2017-12-28,4550.0,4555.0,0.001098901098901095,0.0
2017-12-29,4555.0,,,
2018-01-01,4555.0,4520.0,-0.007683863885839748,1.0
2018-01-02,4555.0,4520.0,-0.007683863885839748,1.0
2018-01-03,4555.0,4520.0,-0.007683863885839748,1.0
2018-01-04,4585.0,4520.0,-0.014176663031624903,1.0
2018-01-05,4625.0,4520.0,-0.022702702702702693,1.0
2018-01-08,4625.0,4520.0,-0.022702702702702693,1.0
2018-01-09,4605.0,4520.0,-0.018458197611292082,1.0
2018-01-10,4555.0,4520.0,-0.007683863885839748,1.0
2018-01-11,4570.0,4520.0,-0.01094091903719907,1.0
2018-01-12,4580.0,4520.0,-0.013100436681222738,1.0
2018-01-15,4600.0,4520.0,-0.017391304347826098,1.0
2018-01-16,4600.0,4520.0,-0.017391304347826098,1.0
2018-01-17,4580.0,4520.0,-0.013100436681222738,1.0
2018-01-18,4595.0,4520.0,-0.016322089227421066,1.0
2018-01-19,4580.0,4520.0,-0.013100436681222738,1.0
2018-01-22,4575.0,4520.0,-0.012021857923497303,1.0
2018-01-23,4585.0,4520.0,-0.014176663031624903,1.0
2018-01-24,4565.0,4520.0,-0.009857612267250793,1.0
2018-01-25,4605.0,4520.0,-0.018458197611292082,1.0
2018-01-26,4590.0,4520.0,-0.015250544662309351,1.0
2018-01-29,4570.0,4520.0,-0.01094091903719907,1.0
2018-01-30,4520.0,4550.0,0.006637168141592875,0.0
2018-01-31,4550.0,,,
2018-02-01,4565.0,4410.0,-0.033953997809419545,1.0
2018-02-02,4585.0,4410.0,-0.03816793893129766,1.0
2018-02-05,4555.0,4410.0,-0.03183315038419321,1.0
2018-02-06,4525.0,4410.0,-0.02541436464088398,1.0
2018-02-07,4515.0,4410.0,-0.023255813953488413,1.0
2018-02-08,4470.0,4410.0,-0.01342281879194629,1.0
2018-02-09,4470.0,4410.0,-0.01342281879194629,1.0
2018-02-12,4470.0,4410.0,-0.01342281879194629,1.0
2018-02-13,4480.0,4410.0,-0.015625,1.0
2018-02-14,4460.0,4410.0,-0.011210762331838597,1.0
2018-02-15,4490.0,4410.0,-0.017817371937639215,1.0
2018-02-16,4490.0,4410.0,-0.017817371937639215,1.0
2018-02-19,4480.0,4410.0,-0.015625,1.0
2018-02-20,4465.0,4410.0,-0.012318029115341522,1.0
2018-02-21,4455.0,4410.0,-0.010101010101010055,1.0
2018-02-22,4420.0,4410.0,-0.002262443438914019,1.0
2018-02-23,4430.0,4410.0,-0.004514672686230292,1.0
2018-02-26,4440.0,4410.0,-0.006756756756756799,1.0
2018-02-27,4450.0,4410.0,-0.008988764044943864,1.0
2018-02-28,4410.0,,,
2018-03-01,4385.0,4330.0,-0.012542759407069504,1.0
2018-03-02,4365.0,4330.0,-0.008018327605956443,1.0
2018-03-05,4365.0,4330.0,-0.008018327605956443,1.0
2018-03-06,4385.0,4330.0,-0.012542759407069504,1.0
2018-03-07,4375.0,4330.0,-0.010285714285714231,1.0
2018-03-08,4360.0,4330.0,-0.006880733944954143,1.0
2018-03-09,4375.0,4330.0,-0.010285714285714231,1.0
2018-03-12,4385.0,4330.0,-0.012542759407069504,1.0
2018-03-13,4380.0,4330.0,-0.011415525114155223,1.0
2018-03-14,4390.0,4330.0,-0.013667425968109326,1.0
2018-03-15,4380.0,4330.0,-0.011415525114155223,1.0
2018-03-16,4350.0,4330.0,-0.0045977011494252595,1.0
2018-03-19,4330.0,4350.0,0.004618937644341736,0.0
2018-03-20,4350.0,4350.0,0.0,0.0
2018-03-21,4350.0,4355.0,0.0011494252873562871,0.0
2018-03-22,4365.0,4355.0,-0.002290950744558984,1.0
2018-03-23,4375.0,4355.0,-0.00457142857142856,1.0
2018-03-26,4405.0,4355.0,-0.011350737797956922,1.0
2018-03-27,4450.0,4355.0,-0.02134831460674158,1.0
2018-03-28,4420.0,4355.0,-0.014705882352941124,1.0
2018-03-29,4405.0,4355.0,-0.011350737797956922,1.0
2018-03-30,4355.0,,,
2018-04-02,4400.0,4415.0,0.003409090909090917,0.0
2018-04-03,4420.0,4415.0,-0.0011312217194570096,1.0
2018-04-04,4415.0,4430.0,0.003397508493771184,0.0
2018-04-05,4430.0,4430.0,0.0,0.0
2018-04-06,4430.0,4445.0,0.003386004514672747,0.0
2018-04-09,4445.0,4445.0,0.0,0.0
2018-04-10,4445.0,4455.0,0.0022497187851517886,0.0
2018-04-11,4475.0,4455.0,-0.004469273743016755,1.0
2018-04-12,4495.0,4455.0,-0.008898776418242438,1.0
2018-04-13,4470.0,4455.0,-0.003355704697986628,1.0
2018-04-16,4480.0,4455.0,-0.005580357142857095,1.0
2018-04-17,4480.0,4455.0,-0.005580357142857095,1.0
2018-04-18,4465.0,4455.0,-0.002239641657334812,1.0
2018-04-19,4495.0,4455.0,-0.008898776418242438,1.0
2018-04-20,4470.0,4455.0,-0.003355704697986628,1.0
2018-04-23,4455.0,4460.0,0.001122334455667895,0.0
2018-04-24,4460.0,4465.0,0.0011210762331839152,0.0
2018-04-25,4475.0,4465.0,-0.0022346368715083775,1.0
2018-04-26,4475.0,4465.0,-0.0022346368715083775,1.0
2018-04-27,4465.0,4465.0,0.0,0.0
2018-04-30,4465.0,,,
2018-05-01,4460.0,4395.0,-0.014573991031390121,1.0
2018-05-02,4450.0,4395.0,-0.012359550561797716,1.0
2018-05-03,4450.0,4395.0,-0.012359550561797716,1.0
2018-05-04,4450.0,4395.0,-0.012359550561797716,1.0
2018-05-07,4460.0,4395.0,-0.014573991031390121,1.0
2018-05-08,4445.0,4395.0,-0.011248593925759276,1.0
2018-05-09,4455.0,4395.0,-0.013468013468013518,1.0
2018-05-10,4460.0,4395.0,-0.014573991031390121,1.0
2018-05-11,4475.0,4395.0,-0.01787709497206702,1.0
2018-05-14,4470.0,4395.0,-0.016778523489932917,1.0
2018-05-15,4465.0,4395.0,-0.015677491601343796,1.0
2018-05-16,4435.0,4395.0,-0.009019165727170209,1.0
2018-05-17,4435.0,4395.0,-0.009019165727170209,1.0
2018-05-18,4440.0,4395.0,-0.010135135135135087,1.0
2018-05-21,4440.0,4395.0,-0.010135135135135087,1.0
2018-05-22,4435.0,4395.0,-0.009019165727170209,1.0
2018-05-23,4425.0,4395.0,-0.006779661016949157,1.0
2018-05-24,4405.0,4395.0,-0.002270147559591429,1.0
2018-05-25,4430.0,4395.0,-0.007900677200902928,1.0
2018-05-28,4410.0,4395.0,-0.003401360544217691,1.0
2018-05-29,4395.0,4400.0,0.0011376564277587597,0.0
2018-05-30,4400.0,4410.0,0.002272727272727204,0.0
2018-05-31,4410.0,,,
2018-06-01,4410.0,4300.0,-0.024943310657596363,1.0
2018-06-04,4395.0,4300.0,-0.021615472127417545,1.0
2018-06-05,4405.0,4300.0,-0.023836549375709448,1.0
2018-06-06,4430.0,4300.0,-0.02934537246049662,1.0
2018-06-07,4420.0,4300.0,-0.02714932126696834,1.0
2018-06-08,4420.0,4300.0,-0.02714932126696834,1.0
2018-06-11,4440.0,4300.0,-0.03153153153153154,1.0
2018-06-12,4440.0,4300.0,-0.03153153153153154,1.0
2018-06-13,4435.0,4300.0,-0.030439684329199523,1.0
2018-06-14,4435.0,4300.0,-0.030439684329199523,1.0
2018-06-15,4465.0,4300.0,-0.03695408734602468,1.0
2018-06-18,4405.0,4300.0,-0.023836549375709448,1.0
2018-06-19,4395.0,4300.0,-0.021615472127417545,1.0
2018-06-20,4360.0,4300.0,-0.013761467889908285,1.0
2018-06-21,4360.0,4300.0,-0.013761467889908285,1.0
2018-06-22,4350.0,4300.0,-0.011494252873563204,1.0
2018-06-25,4310.0,4300.0,-0.002320185614849146,1.0
2018-06-26,4315.0,4300.0,-0.0034762456546929554,1.0
2018-06-27,4300.0,4305.0,0.0011627906976743319,0.0
2018-06-28,4305.0,4315.0,0.0023228803716608404,0.0
2018-06-29,4315.0,,,
2018-07-02,4305.0,4230.0,-0.017421602787456414,1.0
2018-07-03,4290.0,4230.0,-0.013986013986013957,1.0
2018-07-04,4335.0,4230.0,-0.02422145328719727,1.0
2018-07-05,4335.0,4230.0,-0.02422145328719727,1.0
2018-07-06,4325.0,4230.0,-0.02196531791907519,1.0
2018-07-09,4335.0,4230.0,-0.02422145328719727,1.0
2018-07-10,4350.0,4230.0,-0.02758620689655178,1.0
2018-07-11,4325.0,4230.0,-0.02196531791907519,1.0
2018-07-12,4335.0,4230.0,-0.02422145328719727,1.0
2018-07-13,4355.0,4230.0,-0.028702640642939148,1.0
2018-07-16,4355.0,4230.0,-0.028702640642939148,1.0
2018-07-17,4345.0,4230.0,-0.026467203682393525,1.0
2018-07-18,4305.0,4230.0,-0.017421602787456414,1.0
2018-07-19,4310.0,4230.0,-0.018561484918793503,1.0
2018-07-20,4280.0,4230.0,-0.011682242990654235,1.0
2018-07-23,4260.0,4230.0,-0.007042253521126751,1.0
2018-07-24,4230.0,4230.0,0.0,0.0
2018-07-25,4250.0,4230.0,-0.004705882352941226,1.0
2018-07-26,4250.0,4230.0,-0.004705882352941226,1.0
2018-07-27,4250.0,4230.0,-0.004705882352941226,1.0
2018-07-30,4230.0,4235.0,0.0011820330969267712,0.0
2018-07-31,4235.0,,,
2018-08-01,4255.0,4070.0,-0.04347826086956519,1.0
2018-08-02,4240.0,4070.0,-0.04009433962264153,1.0
2018-08-03,4215.0,4070.0,-0.03440094899169632,1.0
2018-08-06,4205.0,4070.0,-0.03210463733650415,1.0
2018-08-07,4205.0,4070.0,-0.03210463733650415,1.0
2018-08-08,4205.0,4070.0,-0.03210463733650415,1.0
2018-08-09,4200.0,4070.0,-0.030952380952380953,1.0
2018-08-10,4180.0,4070.0,-0.02631578947368418,1.0
2018-08-13,4145.0,4070.0,-0.018094089264173663,1.0
2018-08-14,4130.0,4070.0,-0.014527845036319653,1.0
2018-08-15,4125.0,4070.0,-0.013333333333333308,1.0
2018-08-16,4110.0,4070.0,-0.009732360097323589,1.0
2018-08-17,4070.0,4085.0,0.0036855036855036882,0.0
2018-08-20,4085.0,4100.0,0.003671970624234966,0.0
2018-08-21,4100.0,4115.0,0.003658536585365857,0.0
2018-08-22,4115.0,4115.0,0.0,0.0
2018-08-23,4115.0,4125.0,0.002430133657351119,0.0
2018-08-24,4125.0,4160.0,0.00848484848484854,0.0
2018-08-27,4160.0,4165.0,0.0012019230769231282,0.0
2018-08-28,4190.0,4165.0,-0.005966587112171795,1.0
2018-08-29,4170.0,4165.0,-0.0011990407673860837,1.0
2018-08-30,4185.0,4165.0,-0.004778972520907976,1.0
2018-08-31,4165.0,,,
2018-09-03,4150.0,4120.0,-0.0072289156626506035,1.0
2018-09-04,4160.0,4120.0,-0.009615384615384581,1.0
2018-09-05,4150.0,4120.0,-0.0072289156626506035,1.0
2018-09-06,4150.0,4120.0,-0.0072289156626506035,1.0
2018-09-07,4135.0,4120.0,-0.0036275695284159193,1.0
2018-09-10,4120.0,4140.0,0.004854368932038833,0.0
2018-09-11,4140.0,4150.0,0.0024154589371980784,0.0
2018-09-12,4150.0,4175.0,0.006024096385542244,0.0
2018-09-13,4180.0,4175.0,-0.0011961722488038617,1.0
2018-09-14,4185.0,4175.0,-0.002389486260453988,1.0
2018-09-17,4185.0,4175.0,-0.002389486260453988,1.0
2018-09-18,4175.0,4180.0,0.0011976047904191933,0.0
2018-09-19,4185.0,4180.0,-0.0011947431302270495,1.0
2018-09-20,4200.0,4180.0,-0.004761904761904745,1.0
2018-09-21,4220.0,4180.0,-0.009478672985781977,1.0
2018-09-24,4220.0,4180.0,-0.009478672985781977,1.0
2018-09-25,4190.0,4180.0,-0.0023866348448687846,1.0
2018-09-26,4220.0,4180.0,-0.009478672985781977,1.0
2018-09-27,4195.0,4180.0,-0.0035756853396901045,1.0
2018-09-28,4180.0,,,
2018-10-01,4220.0,4170.0,-0.011848341232227444,1.0
2018-10-02,4215.0,4170.0,-0.010676156583629859,1.0
2018-10-03,4250.0,4170.0,-0.018823529411764683,1.0
2018-10-04,4255.0,4170.0,-0.0199764982373678,1.0
2018-10-05,4240.0,4170.0,-0.01650943396226412,1.0
2018-10-08,4240.0,4170.0,-0.01650943396226412,1.0
2018-10-09,4195.0,4170.0,-0.005959475566150174,1.0
2018-10-10,4195.0,4170.0,-0.005959475566150174,1.0
2018-10-11,4170.0,4245.0,0.017985611510791477,0.0
2018-10-12,4245.0,4255.0,0.002355712603062443,0.0
2018-10-15,4260.0,4255.0,-0.0011737089201877549,1.0
2018-10-16,4275.0,4255.0,-0.004678362573099393,1.0
2018-10-17,4255.0,4265.0,0.00235017626321965,0.0
2018-10-18,4280.0,4265.0,-0.003504672897196248,1.0
2018-10-19,4285.0,4265.0,-0.004667444574095736,1.0
2018-10-22,4280.0,4265.0,-0.003504672897196248,1.0
2018-10-23,4265.0,4275.0,0.0023446658851113966,0.0
2018-10-24,4290.0,4275.0,-0.0034965034965035446,1.0
2018-10-25,4300.0,4275.0,-0.005813953488372103,1.0
2018-10-26,4285.0,4275.0,-0.002333722287047868,1.0
2018-10-29,4275.0,4300.0,0.005847953216374213,0.0
2018-10-30,4305.0,4300.0,-0.0011614401858304202,1.0
2018-10-31,4300.0,,,
2018-11-01,4270.0,4260.0,-0.0023419203747072626,1.0
2018-11-02,4305.0,4260.0,-0.010452961672473893,1.0
2018-11-05,4325.0,4260.0,-0.015028901734104094,1.0
2018-11-06,4310.0,4260.0,-0.011600928074245953,1.0
2018-11-07,4320.0,4260.0,-0.01388888888888884,1.0
2018-11-08,4325.0,4260.0,-0.015028901734104094,1.0
2018-11-09,4315.0,4260.0,-0.01274623406720743,1.0
2018-11-12,4280.0,4260.0,-0.004672897196261627,1.0
2018-11-13,4270.0,4260.0,-0.0023419203747072626,1.0
2018-11-14,4260.0,4270.0,0.0023474178403755097,0.0
2018-11-15,4275.0,4270.0,-0.0011695906432748204,1.0
2018-11-16,4280.0,4270.0,-0.002336448598130869,1.0
2018-11-19,4270.0,4280.0,0.0023419203747072626,0.0
2018-11-20,4280.0,4285.0,0.001168224299065379,0.0
2018-11-21,4285.0,4290.0,0.001166861143523823,0.0
2018-11-22,4300.0,4290.0,-0.0023255813953488857,1.0
2018-11-23,4300.0,4290.0,-0.0023255813953488857,1.0
2018-11-26,4300.0,4290.0,-0.0023255813953488857,1.0
2018-11-27,4310.0,4290.0,-0.004640371229698403,1.0
2018-11-28,4290.0,4295.0,0.0011655011655011815,0.0
2018-11-29,4295.0,4295.0,0.0,0.0
2018-11-30,4295.0,,,
2018-12-03,4310.0,4305.0,-0.001160092807424573,1.0
2018-12-04,4330.0,4305.0,-0.005773672055427226,1.0
2018-12-05,4315.0,4305.0,-0.002317497103128674,1.0
2018-12-06,4320.0,4305.0,-0.00347222222222221,1.0
2018-12-07,4320.0,4305.0,-0.00347222222222221,1.0
2018-12-10,4335.0,4305.0,-0.00692041522491349,1.0
2018-12-11,4350.0,4305.0,-0.010344827586206917,1.0
2018-12-12,4355.0,4305.0,-0.01148105625717566,1.0
2018-12-13,4350.0,4305.0,-0.010344827586206917,1.0
2018-12-14,4345.0,4305.0,-0.009205983889528202,1.0
2018-12-17,4325.0,4305.0,-0.0046242774566473965,1.0
2018-12-18,4330.0,4305.0,-0.005773672055427226,1.0
2018-12-19,4325.0,4305.0,-0.0046242774566473965,1.0
2018-12-20,4305.0,4310.0,0.0011614401858304202,0.0
2018-12-21,4320.0,4310.0,-0.0023148148148147696,1.0
2018-12-24,4320.0,4310.0,-0.0023148148148147696,1.0
2018-12-25,4310.0,4345.0,0.008120649651972123,0.0
2018-12-26,4345.0,4350.0,0.0011507479861909697,0.0
2018-12-27,4350.0,4375.0,0.005747126436781658,0.0
2018-12-28,4375.0,4375.0,0.0,0.0
2018-12-31,4375.0,,,
2019-01-01,,,,
2019-01-02,,,,
2019-01-03,,4335.0,,0.0
2019-01-04,4365.0,4335.0,-0.0068728522336769515,1.0
2019-01-07,4335.0,4335.0,0.0,0.0
2019-01-08,4335.0,4340.0,0.0011534025374855261,0.0
2019-01-09,4340.0,4340.0,0.0,0.0
2019-01-10,4350.0,4340.0,-0.0022988505747126853,1.0
2019-01-11,4340.0,,,
2019-01-14,,4340.0,,0.0
2019-01-15,4345.0,4340.0,-0.0011507479861909697,1.0
2019-01-16,4350.0,4340.0,-0.0022988505747126853,1.0
2019-01-17,4370.0,4340.0,-0.006864988558352381,1.0
2019-01-18,4375.0,4340.0,-0.008000000000000007,1.0
2019-01-21,4345.0,4340.0,-0.0011507479861909697,1.0
2019-01-22,4340.0,4350.0,0.0023041474654377225,0.0
2019-01-23,4350.0,4350.0,0.0,0.0
2019-01-24,4350.0,4370.0,0.0045977011494253706,0.0
2019-01-25,4370.0,4415.0,0.010297482837528626,0.0
2019-01-28,4415.0,4415.0,0.0,0.0
2019-01-29,4415.0,4455.0,0.009060022650056565,0.0
2019-01-30,4455.0,4465.0,0.002244668911335568,0.0
2019-01-31,4465.0,,,
2019-02-01,4455.0,4435.0,-0.004489337822671136,1.0
2019-02-04,4450.0,4435.0,-0.003370786516853963,1.0
2019-02-05,4460.0,4435.0,-0.005605381165919243,1.0
2019-02-06,4445.0,4435.0,-0.0022497187851518996,1.0
2019-02-07,4435.0,4440.0,0.0011273957158963732,0.0
2019-02-08,4440.0,,,
2019-02-11,,4470.0,,0.0
2019-02-12,4470.0,4475.0,0.0011185682326622093,0.0
2019-02-13,4480.0,4475.0,-0.0011160714285713969,1.0
2019-02-14,4480.0,4475.0,-0.0011160714285713969,1.0
2019-02-15,4475.0,4500.0,0.005586592178770999,0.0
2019-02-18,4530.0,4500.0,-0.0066225165562914245,1.0
2019-02-19,4535.0,4500.0,-0.007717750826901848,1.0
2019-02-20,4590.0,4500.0,-0.019607843137254943,1.0
2019-02-21,4580.0,4500.0,-0.017467248908296984,1.0
2019-02-22,4525.0,4500.0,-0.0055248618784530246,1.0
2019-02-25,4540.0,4500.0,-0.008810572687224627,1.0
2019-02-26,4540.0,4500.0,-0.008810572687224627,1.0
2019-02-27,4530.0,4500.0,-0.0066225165562914245,1.0
2019-02-28,4500.0,,,
2019-03-01,4515.0,4430.0,-0.018826135105204922,1.0
2019-03-04,4480.0,4430.0,-0.011160714285714302,1.0
2019-03-05,4455.0,4430.0,-0.0056116722783389195,1.0
2019-03-06,4445.0,4430.0,-0.003374578177727794,1.0
2019-03-07,4430.0,4430.0,0.0,0.0
2019-03-08,4455.0,4430.0,-0.0056116722783389195,1.0
2019-03-11,4475.0,4430.0,-0.010055865921787754,1.0
2019-03-12,4475.0,4430.0,-0.010055865921787754,1.0
2019-03-13,4490.0,4430.0,-0.013363028953229383,1.0
2019-03-14,4515.0,4430.0,-0.018826135105204922,1.0
2019-03-15,4505.0,4430.0,-0.01664816870144281,1.0
2019-03-18,4500.0,4430.0,-0.015555555555555545,1.0
2019-03-19,4505.0,4430.0,-0.01664816870144281,1.0
2019-03-20,4505.0,,,
2019-03-21,,4430.0,,0.0
2019-03-22,4485.0,4430.0,-0.012263099219620988,1.0
2019-03-25,4475.0,4430.0,-0.010055865921787754,1.0
2019-03-26,4490.0,4430.0,-0.013363028953229383,1.0
2019-03-27,4505.0,4430.0,-0.01664816870144281,1.0
2019-03-28,4490.0,4430.0,-0.013363028953229383,1.0
2019-03-29,4430.0,,,
2019-04-01,4470.0,4410.0,-0.01342281879194629,1.0
2019-04-02,4470.0,4410.0,-0.01342281879194629,1.0
2019-04-03,4495.0,4410.0,-0.018909899888765347,1.0
2019-04-04,4480.0,4410.0,-0.015625,1.0
2019-04-05,4465.0,4410.0,-0.012318029115341522,1.0
2019-04-08,4485.0,4410.0,-0.01672240802675584,1.0
2019-04-09,4495.0,4410.0,-0.018909899888765347,1.0
2019-04-10,4500.0,4410.0,-0.020000000000000018,1.0
2019-04-11,4520.0,4410.0,-0.02433628318584069,1.0
2019-04-12,4495.0,4410.0,-0.018909899888765347,1.0
2019-04-15,4475.0,4410.0,-0.01452513966480451,1.0
2019-04-16,4455.0,4410.0,-0.010101010101010055,1.0
2019-04-17,4435.0,4410.0,-0.005636978579481422,1.0
2019-04-18,4410.0,4415.0,0.0011337868480725266,0.0
2019-04-19,4425.0,4415.0,-0.002259887005649719,1.0
2019-04-22,4440.0,4415.0,-0.005630630630630629,1.0
2019-04-23,4415.0,4415.0,0.0,0.0
2019-04-24,4415.0,4425.0,0.0022650056625141968,0.0
2019-04-25,4425.0,4440.0,0.003389830508474523,0.0
2019-04-26,4440.0,,,
2019-04-29,,,,
2019-04-30,,,,
2019-05-01,,,,
2019-05-02,,,,
2019-05-03,,,,
2019-05-06,,4340.0,,0.0
2019-05-07,4400.0,4340.0,-0.013636363636363669,1.0
2019-05-08,4400.0,4340.0,-0.013636363636363669,1.0
2019-05-09,4365.0,4340.0,-0.00572737686139746,1.0
2019-05-10,4385.0,4340.0,-0.010262257696693311,1.0
2019-05-13,4380.0,4340.0,-0.0091324200913242,1.0
2019-05-14,4420.0,4340.0,-0.018099547511312264,1.0
2019-05-15,4420.0,4340.0,-0.018099547511312264,1.0
2019-05-16,4395.0,4340.0,-0.012514220705347023,1.0
2019-05-17,4385.0,4340.0,-0.010262257696693311,1.0
2019-05-20,4360.0,4340.0,-0.004587155963302725,1.0
2019-05-21,4370.0,4340.0,-0.006864988558352381,1.0
2019-05-22,4375.0,4340.0,-0.008000000000000007,1.0
2019-05-23,4360.0,4340.0,-0.004587155963302725,1.0
2019-05-24,4360.0,4340.0,-0.004587155963302725,1.0
2019-05-27,4370.0,4340.0,-0.006864988558352381,1.0
2019-05-28,4360.0,4340.0,-0.004587155963302725,1.0
2019-05-29,4340.0,4345.0,0.0011520737327188613,0.0
2019-05-30,4345.0,4360.0,0.0034522439585731313,0.0
2019-05-31,4360.0,,,
2019-06-03,4395.0,4435.0,0.009101251422070522,0.0
2019-06-04,4435.0,4445.0,0.0022547914317925244,0.0
2019-06-05,4460.0,4445.0,-0.0033632286995515237,1.0
2019-06-06,4460.0,4445.0,-0.0033632286995515237,1.0
2019-06-07,4445.0,4450.0,0.0011248593925758943,0.0
2019-06-10,4455.0,4450.0,-0.001122334455667784,1.0
2019-06-11,4450.0,4465.0,0.003370786516853963,0.0
2019-06-12,4470.0,4465.0,-0.0011185682326622093,1.0
2019-06-13,4465.0,4495.0,0.006718924972004547,0.0
2019-06-14,4495.0,4500.0,0.0011123470522802492,0.0
2019-06-17,4500.0,4505.0,0.0011111111111110628,0.0
2019-06-18,4505.0,4510.0,0.0011098779134295356,0.0
2019-06-19,4510.0,4585.0,0.016629711751662946,0.0
2019-06-20,4585.0,4595.0,0.0021810250817884125,0.0
2019-06-21,4595.0,4620.0,0.005440696409140466,0.0
2019-06-24,4620.0,4640.0,0.0043290043290042934,0.0
2019-06-25,4690.0,4640.0,-0.010660980810234588,1.0
2019-06-26,4640.0,4655.0,0.003232758620689724,0.0
2019-06-27,4655.0,4675.0,0.004296455424275036,0.0
2019-06-28,4675.0,,,
2019-07-01,4600.0,4615.0,0.003260869565217428,0.0
2019-07-02,4615.0,4655.0,0.008667388949079147,0.0
2019-07-03,4685.0,4655.0,-0.006403415154749181,1.0
2019-07-04,4690.0,4655.0,-0.007462686567164201,1.0
2019-07-05,4675.0,4655.0,-0.004278074866310155,1.0
2019-07-08,4660.0,4655.0,-0.0010729613733905241,1.0
2019-07-09,4655.0,4655.0,0.0,0.0
2019-07-10,4655.0,4655.0,0.0,0.0
2019-07-11,4710.0,4655.0,-0.011677282377919318,1.0
2019-07-12,4675.0,,,
2019-07-15,,4655.0,,0.0
2019-07-16,4680.0,4655.0,-0.005341880341880323,1.0
2019-07-17,4655.0,4700.0,0.009667024704618665,0.0
2019-07-18,4700.0,4720.0,0.004255319148936065,0.0
2019-07-19,4770.0,4720.0,-0.010482180293501009,1.0
2019-07-22,4745.0,4720.0,-0.005268703898840932,1.0
2019-07-23,4720.0,4725.0,0.0010593220338983578,0.0
2019-07-24,4725.0,4725.0,0.0,0.0
2019-07-25,4725.0,4725.0,0.0,0.0
2019-07-26,4730.0,4725.0,-0.0010570824524313016,1.0
2019-07-29,4725.0,4750.0,0.005291005291005346,0.0
2019-07-30,4750.0,4795.0,0.0094736842105263,0.0
2019-07-31,4795.0,,,
2019-08-01,4745.0,4740.0,-0.0010537407797681642,1.0
2019-08-02,4740.0,4765.0,0.0052742616033756295,0.0
2019-08-05,4765.0,4805.0,0.008394543546694555,0.0
2019-08-06,4805.0,4875.0,0.014568158168574374,0.0
2019-08-07,4875.0,4885.0,0.002051282051282133,0.0
2019-08-08,4920.0,4885.0,-0.007113821138211351,1.0
2019-08-09,4930.0,,,
2019-08-12,,4885.0,,0.0
2019-08-13,4925.0,4885.0,-0.008121827411167515,1.0
2019-08-14,4920.0,4885.0,-0.007113821138211351,1.0
2019-08-15,4960.0,4885.0,-0.015120967741935498,1.0
2019-08-16,4960.0,4885.0,-0.015120967741935498,1.0
2019-08-19,4930.0,4885.0,-0.009127789046653123,1.0
2019-08-20,4885.0,4905.0,0.004094165813715467,0.0
2019-08-21,4910.0,4905.0,-0.0010183299389001643,1.0
2019-08-22,4910.0,4905.0,-0.0010183299389001643,1.0
2019-08-23,4905.0,5000.0,0.019367991845056,0.0
2019-08-26,5010.0,5000.0,-0.001996007984031989,1.0
2019-08-27,5000.0,5030.0,0.006000000000000005,0.0
2019-08-28,5040.0,5030.0,-0.001984126984126977,1.0
2019-08-29,5060.0,5030.0,-0.005928853754940677,1.0
2019-08-30,5030.0,,,
2019-09-02,5020.0,4930.0,-0.017928286852589626,1.0
2019-09-03,5010.0,4930.0,-0.015968063872255467,1.0
2019-09-04,5060.0,4930.0,-0.025691699604743046,1.0
2019-09-05,5100.0,4930.0,-0.033333333333333326,1.0
2019-09-06,5010.0,4930.0,-0.015968063872255467,1.0
2019-09-09,4995.0,4930.0,-0.013013013013013053,1.0
2019-09-10,4930.0,4955.0,0.005070993914807254,0.0
2019-09-11,4955.0,4965.0,0.0020181634712410634,0.0
2019-09-12,4985.0,4965.0,-0.004012036108325012,1.0
2019-09-13,4990.0,,,
2019-09-16,,4965.0,,0.0
2019-09-17,4990.0,4965.0,-0.00501002004008011,1.0
2019-09-18,5000.0,4965.0,-0.007000000000000006,1.0
2019-09-19,4975.0,4965.0,-0.0020100502512563345,1.0
2019-09-20,4995.0,,,
2019-09-23,,4965.0,,0.0
2019-09-24,5030.0,4965.0,-0.012922465208747513,1.0
2019-09-25,5050.0,4965.0,-0.016831683168316847,1.0
2019-09-26,5000.0,4965.0,-0.007000000000000006,1.0
2019-09-27,5000.0,4965.0,-0.007000000000000006,1.0
2019-09-30,4965.0,,,
2019-10-01,4885.0,4930.0,0.00921187308085969,0.0
2019-10-02,4930.0,4955.0,0.005070993914807254,0.0
2019-10-03,4960.0,4955.0,-0.0010080645161290036,1.0
2019-10-04,4975.0,4955.0,-0.004020100502512558,1.0
2019-10-07,4975.0,4955.0,-0.004020100502512558,1.0
2019-10-08,4955.0,4975.0,0.004036326942482349,0.0
2019-10-09,4985.0,4975.0,-0.0020060180541624506,1.0
2019-10-10,4995.0,4975.0,-0.004004004004004025,1.0
2019-10-11,4975.0,,,
2019-10-14,,4980.0,,0.0
2019-10-15,4985.0,4980.0,-0.0010030090270812808,1.0
2019-10-16,4980.0,4980.0,0.0,0.0
2019-10-17,4980.0,4980.0,0.0,0.0
2019-10-18,4985.0,4980.0,-0.0010030090270812808,1.0
2019-10-21,4980.0,,,
2019-10-22,,4980.0,,0.0
2019-10-23,4980.0,4990.0,0.002008032128514081,0.0
2019-10-24,4990.0,5000.0,0.002004008016031955,0.0
2019-10-25,5030.0,5000.0,-0.005964214711729587,1.0
2019-10-28,5030.0,5000.0,-0.005964214711729587,1.0
2019-10-29,5000.0,5000.0,0.0,0.0
2019-10-30,5000.0,5010.0,0.0020000000000000018,0.0
2019-10-31,5010.0,,,
2019-11-01,5020.0,,,
2019-11-04,,4890.0,,0.0
2019-11-05,5030.0,4890.0,-0.027833001988071593,1.0
2019-11-06,4990.0,4890.0,-0.02004008016032066,1.0
2019-11-07,4990.0,4890.0,-0.02004008016032066,1.0
2019-11-08,4955.0,4890.0,-0.013118062563067578,1.0
2019-11-11,4925.0,4890.0,-0.007106598984771617,1.0
2019-11-12,4890.0,4890.0,0.0,0.0
2019-11-13,4905.0,4890.0,-0.003058103975535187,1.0
2019-11-14,4905.0,4890.0,-0.003058103975535187,1.0
2019-11-15,4895.0,4890.0,-0.0010214504596527396,1.0
2019-11-18,4910.0,4890.0,-0.004073319755600768,1.0
2019-11-19,4925.0,4890.0,-0.007106598984771617,1.0
2019-11-20,4930.0,4890.0,-0.008113590263691739,1.0
2019-11-21,4930.0,4890.0,-0.008113590263691739,1.0
2019-11-22,4920.0,4890.0,-0.0060975609756097615,1.0
2019-11-25,4900.0,4890.0,-0.0020408163265306367,1.0
2019-11-26,4890.0,4915.0,0.005112474437627856,0.0
2019-11-27,4915.0,4915.0,0.0,0.0
2019-11-28,4915.0,4920.0,0.0010172939979653517,0.0
2019-11-29,4920.0,,,
2019-12-02,4930.0,4905.0,-0.005070993914807254,1.0
2019-12-03,4915.0,4905.0,-0.0020345879959308144,1.0
2019-12-04,4955.0,4905.0,-0.010090817356205872,1.0
2019-12-05,4950.0,4905.0,-0.009090909090909038,1.0
2019-12-06,4940.0,4905.0,-0.007085020242915019,1.0
2019-12-09,4905.0,4905.0,0.0,0.0
2019-12-10,4905.0,4910.0,0.0010193679918450993,0.0
2019-12-11,4910.0,4930.0,0.004073319755600879,0.0
2019-12-12,4930.0,4960.0,0.006085192697768749,0.0
2019-12-13,4960.0,4975.0,0.003024193548387011,0.0
2019-12-16,4975.0,4975.0,0.0,0.0
2019-12-17,4990.0,4975.0,-0.0030060120240480437,1.0
2019-12-18,4980.0,4975.0,-0.0010040160642570406,1.0
2019-12-19,4980.0,4975.0,-0.0010040160642570406,1.0
2019-12-20,4975.0,4990.0,0.0030150753768845018,0.0
2019-12-23,4990.0,4995.0,0.0010020040080160886,0.0
2019-12-24,4995.0,5030.0,0.00700700700700696,0.0
2019-12-25,5030.0,5060.0,0.005964214711729587,0.0
2019-12-26,5060.0,5070.0,0.0019762845849802257,0.0
2019-12-27,5100.0,5070.0,-0.00588235294117645,1.0
2019-12-30,5070.0,,,
2019-12-31,,,,
2020-01-01,,,,
2020-01-02,,,,
2020-01-03,,5200.0,,0.0
2020-01-06,5250.0,5200.0,-0.00952380952380949,1.0
2020-01-07,5230.0,5200.0,-0.005736137667303964,1.0
2020-01-08,5310.0,5200.0,-0.020715630885122405,1.0
2020-01-09,5220.0,5200.0,-0.003831417624521105,1.0
2020-01-10,5200.0,,,
2020-01-13,,5200.0,,0.0
2020-01-14,5200.0,5240.0,0.007692307692307665,0.0
2020-01-15,5240.0,5240.0,0.0,0.0
2020-01-16,5240.0,5270.0,0.005725190839694694,0.0
2020-01-17,5290.0,5270.0,-0.003780718336483968,1.0
2020-01-20,5290.0,5270.0,-0.003780718336483968,1.0
2020-01-21,5290.0,5270.0,-0.003780718336483968,1.0
2020-01-22,5280.0,5270.0,-0.0018939393939394478,1.0
2020-01-23,5270.0,5270.0,0.0,0.0
2020-01-24,5270.0,5290.0,0.00379506641366234,0.0
2020-01-27,5310.0,5290.0,-0.0037664783427495685,1.0
2020-01-28,5290.0,5290.0,0.0,0.0
2020-01-29,5290.0,5300.0,0.001890359168241984,0.0
2020-01-30,5310.0,5300.0,-0.0018832391713747842,1.0
2020-01-31,5300.0,,,
2020-02-03,5300.0,5300.0,0.0,0.0
2020-02-04,5300.0,5310.0,0.0018867924528302993,0.0
2020-02-05,5310.0,5340.0,0.005649717514124353,0.0
2020-02-06,5350.0,5340.0,-0.0018691588785046953,1.0
2020-02-07,5360.0,5340.0,-0.003731343283582045,1.0
2020-02-10,5360.0,,,
2020-02-11,,5340.0,,0.0
2020-02-12,5340.0,5390.0,0.009363295880149725,0.0
2020-02-13,5390.0,5390.0,0.0,0.0
2020-02-14,5390.0,5490.0,0.01855287569573294,0.0
2020-02-17,5490.0,5490.0,0.0,0.0
2020-02-18,5490.0,5540.0,0.00910746812386165,0.0
2020-02-19,5540.0,5560.0,0.0036101083032491488,0.0
2020-02-20,5600.0,5560.0,-0.0071428571428571175,1.0
2020-02-21,5700.0,,,
2020-02-24,,5560.0,,0.0
2020-02-25,5860.0,5560.0,-0.05119453924914674,1.0
2020-02-26,5660.0,5560.0,-0.017667844522968212,1.0
2020-02-27,5700.0,5560.0,-0.024561403508771895,1.0
2020-02-28,5560.0,,,
2020-03-02,5400.0,4905.0,-0.09166666666666667,1.0
2020-03-03,5410.0,4905.0,-0.09334565619223656,1.0
2020-03-04,5550.0,4905.0,-0.11621621621621625,1.0
2020-03-05,5540.0,4905.0,-0.11462093862815881,1.0
2020-03-06,5660.0,4905.0,-0.13339222614840984,1.0
2020-03-09,5470.0,4905.0,-0.103290676416819,1.0
2020-03-10,5430.0,4905.0,-0.09668508287292821,1.0
2020-03-11,5460.0,4905.0,-0.10164835164835162,1.0
2020-03-12,5290.0,4905.0,-0.07277882797731572,1.0
2020-03-13,5130.0,4905.0,-0.04385964912280704,1.0
2020-03-16,5050.0,4905.0,-0.02871287128712874,1.0
2020-03-17,4905.0,4925.0,0.004077471967380175,0.0
2020-03-18,4990.0,4925.0,-0.013026052104208374,1.0
2020-03-19,4925.0,,,
2020-03-20,,5080.0,,0.0
2020-03-23,5080.0,5280.0,0.03937007874015741,0.0
2020-03-24,5280.0,5370.0,0.017045454545454586,0.0
2020-03-25,5430.0,5370.0,-0.011049723756906049,1.0
2020-03-26,5450.0,5370.0,-0.014678899082568808,1.0
2020-03-27,5450.0,5370.0,-0.014678899082568808,1.0
2020-03-30,5370.0,5400.0,0.005586592178770999,0.0
2020-03-31,5400.0,,,
2020-04-01,5230.0,5270.0,0.007648183556405286,0.0
2020-04-02,5270.0,5380.0,0.020872865275142205,0.0
2020-04-03,5380.0,5470.0,0.016728624535315983,0.0
2020-04-06,5470.0,5570.0,0.018281535648994485,0.0
2020-04-07,5590.0,5570.0,-0.003577817531305927,1.0
2020-04-08,5570.0,5590.0,0.0035906642728904536,0.0
2020-04-09,5600.0,5590.0,-0.0017857142857142794,1.0
2020-04-10,5720.0,5590.0,-0.022727272727272707,1.0
2020-04-13,5760.0,5590.0,-0.02951388888888884,1.0
2020-04-14,5790.0,5590.0,-0.0345423143350605,1.0
2020-04-15,5760.0,5590.0,-0.02951388888888884,1.0
2020-04-16,5710.0,5590.0,-0.021015761821365997,1.0
2020-04-17,5640.0,5590.0,-0.00886524822695034,1.0
2020-04-20,5590.0,5590.0,0.0,0.0
2020-04-21,5600.0,5590.0,-0.0017857142857142794,1.0
2020-04-22,5590.0,5630.0,0.007155635062611854,0.0
2020-04-23,5730.0,5630.0,-0.017452006980802848,1.0
2020-04-24,5740.0,5630.0,-0.019163763066202044,1.0
2020-04-27,5720.0,5630.0,-0.01573426573426573,1.0
2020-04-28,5660.0,,,
2020-04-29,,5630.0,,0.0
2020-04-30,5630.0,,,
2020-05-01,5570.0,,,
2020-05-04,,,,
2020-05-05,,,,
2020-05-06,,5590.0,,0.0
2020-05-07,5590.0,5650.0,0.01073345259391778,0.0
2020-05-08,5670.0,5650.0,-0.003527336860670194,1.0
2020-05-11,5650.0,5660.0,0.001769911504424737,0.0
2020-05-12,5660.0,5690.0,0.005300353356890497,0.0
2020-05-13,5690.0,5700.0,0.0017574692442883233,0.0
2020-05-14,5710.0,5700.0,-0.0017513134851138146,1.0
2020-05-15,5760.0,5700.0,-0.01041666666666663,1.0
2020-05-18,5850.0,5700.0,-0.02564102564102566,1.0
2020-05-19,5770.0,5700.0,-0.012131715771230511,1.0
2020-05-20,5820.0,5700.0,-0.020618556701030966,1.0
2020-05-21,5790.0,5700.0,-0.015544041450777257,1.0
2020-05-22,5750.0,5700.0,-0.008695652173912993,1.0
2020-05-25,5750.0,5700.0,-0.008695652173912993,1.0
2020-05-26,5750.0,5700.0,-0.008695652173912993,1.0
2020-05-27,5710.0,5700.0,-0.0017513134851138146,1.0
2020-05-28,5730.0,5700.0,-0.005235602094240788,1.0
2020-05-29,5700.0,,,
2020-06-01,5770.0,5680.0,-0.01559792027729634,1.0
2020-06-02,5760.0,5680.0,-0.01388888888888884,1.0
2020-06-03,5770.0,5680.0,-0.01559792027729634,1.0
2020-06-04,5730.0,5680.0,-0.008726003490401424,1.0
2020-06-05,5730.0,5680.0,-0.008726003490401424,1.0
2020-06-08,5720.0,5680.0,-0.006993006993006978,1.0
2020-06-09,5680.0,5680.0,0.0,0.0
2020-06-10,5690.0,5680.0,-0.0017574692442882123,1.0
2020-06-11,5680.0,5690.0,0.0017605633802817433,0.0
2020-06-12,5690.0,5690.0,0.0,0.0
2020-06-15,5700.0,5690.0,-0.0017543859649122862,1.0
2020-06-16,5730.0,5690.0,-0.006980802792321161,1.0
2020-06-17,5730.0,5690.0,-0.006980802792321161,1.0
2020-06-18,5690.0,5710.0,0.0035149384885764245,0.0
2020-06-19,5710.0,5790.0,0.014010507880910739,0.0
2020-06-22,5790.0,5790.0,0.0,0.0
2020-06-23,5790.0,5830.0,0.006908462867012188,0.0
2020-06-24,5860.0,5830.0,-0.005119453924914641,1.0
2020-06-25,5830.0,5830.0,0.0,0.0
2020-06-26,5830.0,5980.0,0.02572898799313883,0.0
2020-06-29,5980.0,5980.0,0.0,0.0
2020-06-30,5980.0,,,
2020-07-01,6050.0,5990.0,-0.00991735537190086,1.0
2020-07-02,6000.0,5990.0,-0.0016666666666667052,1.0
2020-07-03,6000.0,5990.0,-0.0016666666666667052,1.0
2020-07-06,6050.0,5990.0,-0.00991735537190086,1.0
2020-07-07,6020.0,5990.0,-0.004983388704318914,1.0
2020-07-08,6030.0,5990.0,-0.0066334991708125735,1.0
2020-07-09,6110.0,5990.0,-0.019639934533551506,1.0
2020-07-10,6030.0,5990.0,-0.0066334991708125735,1.0
2020-07-13,6080.0,5990.0,-0.014802631578947345,1.0
2020-07-14,6000.0,5990.0,-0.0016666666666667052,1.0
2020-07-15,6000.0,5990.0,-0.0016666666666667052,1.0
2020-07-16,6000.0,5990.0,-0.0016666666666667052,1.0
2020-07-17,5990.0,6040.0,0.008347245409014992,0.0
2020-07-20,6040.0,6050.0,0.0016556291390728006,0.0
2020-07-21,6050.0,6160.0,0.018181818181818077,0.0
2020-07-22,6160.0,,,
2020-07-23,,,,
2020-07-24,,6420.0,,0.0
2020-07-27,6450.0,6420.0,-0.0046511627906976605,1.0
2020-07-28,6450.0,6420.0,-0.0046511627906976605,1.0
2020-07-29,6500.0,6420.0,-0.012307692307692353,1.0
2020-07-30,6420.0,6440.0,0.0031152647975076775,0.0
2020-07-31,6440.0,,,
2020-08-03,6500.0,6210.0,-0.04461538461538461,1.0
2020-08-04,6510.0,6210.0,-0.04608294930875578,1.0
2020-08-05,6630.0,6210.0,-0.06334841628959276,1.0
2020-08-06,6660.0,6210.0,-0.06756756756756754,1.0
2020-08-07,6740.0,,,
2020-08-10,,6210.0,,0.0
2020-08-11,6590.0,6210.0,-0.057663125948406724,1.0
2020-08-12,6210.0,6330.0,0.019323671497584627,0.0
2020-08-13,6330.0,6370.0,0.006319115323854652,0.0
2020-08-14,6480.0,6370.0,-0.016975308641975273,1.0
2020-08-17,6430.0,6370.0,-0.009331259720062213,1.0
2020-08-18,6610.0,6370.0,-0.036308623298033305,1.0
2020-08-19,6560.0,6370.0,-0.02896341463414631,1.0
2020-08-20,6490.0,6370.0,-0.018489984591679498,1.0
2020-08-21,6450.0,6370.0,-0.012403100775193798,1.0
2020-08-24,6400.0,6370.0,-0.004687499999999956,1.0
2020-08-25,6380.0,6370.0,-0.0015673981191222097,1.0
2020-08-26,6370.0,6410.0,0.006279434850863463,0.0
2020-08-27,6410.0,6430.0,0.0031201248049921304,0.0
2020-08-28,6430.0,6500.0,0.010886469673405896,0.0
2020-08-31,6500.0,,,
2020-09-01,6510.0,6020.0,-0.07526881720430112,1.0
2020-09-02,6470.0,6020.0,-0.06955177743431218,1.0
2020-09-03,6390.0,6020.0,-0.05790297339593109,1.0
2020-09-04,6350.0,6020.0,-0.051968503937007915,1.0
2020-09-07,6360.0,6020.0,-0.053459119496855334,1.0
2020-09-08,6330.0,6020.0,-0.048973143759873605,1.0
2020-09-09,6320.0,6020.0,-0.04746835443037978,1.0
2020-09-10,6400.0,6020.0,-0.059374999999999956,1.0
2020-09-11,6370.0,6020.0,-0.05494505494505497,1.0
2020-09-14,6400.0,6020.0,-0.059374999999999956,1.0
2020-09-15,6450.0,6020.0,-0.06666666666666665,1.0
2020-09-16,6370.0,6020.0,-0.05494505494505497,1.0
2020-09-17,6290.0,6020.0,-0.042925278219395846,1.0
2020-09-18,6270.0,,,
2020-09-21,,,,
2020-09-22,,6020.0,,0.0
2020-09-23,6150.0,6020.0,-0.021138211382113803,1.0
2020-09-24,6030.0,6020.0,-0.0016583747927031434,1.0
2020-09-25,6070.0,6020.0,-0.008237232289950547,1.0
2020-09-28,6020.0,6130.0,0.0182724252491695,0.0
2020-09-29,6130.0,6140.0,0.0016313213703098572,0.0
2020-09-30,6140.0,,,
2020-10-01,,6010.0,,0.0
2020-10-02,6200.0,6010.0,-0.030645161290322576,1.0
2020-10-05,6180.0,6010.0,-0.027508090614886682,1.0
2020-10-06,6190.0,6010.0,-0.029079159935379684,1.0
2020-10-07,6180.0,6010.0,-0.027508090614886682,1.0
2020-10-08,6160.0,6010.0,-0.024350649350649345,1.0
2020-10-09,6220.0,6010.0,-0.0337620578778135,1.0
2020-10-12,6280.0,6010.0,-0.042993630573248454,1.0
2020-10-13,6220.0,6010.0,-0.0337620578778135,1.0
2020-10-14,6190.0,6010.0,-0.029079159935379684,1.0
2020-10-15,6180.0,6010.0,-0.027508090614886682,1.0
2020-10-16,6220.0,6010.0,-0.0337620578778135,1.0
2020-10-19,6220.0,6010.0,-0.0337620578778135,1.0
2020-10-20,6200.0,6010.0,-0.030645161290322576,1.0
2020-10-21,6230.0,6010.0,-0.035313001605136396,1.0
2020-10-22,6170.0,6010.0,-0.02593192868719607,1.0
2020-10-23,6150.0,6010.0,-0.02276422764227637,1.0
2020-10-26,6140.0,6010.0,-0.021172638436482094,1.0
2020-10-27,6160.0,6010.0,-0.024350649350649345,1.0
2020-10-28,6150.0,6010.0,-0.02276422764227637,1.0
2020-10-29,6070.0,6010.0,-0.009884678747940745,1.0
2020-10-30,6010.0,,,
2020-11-02,6090.0,,,
2020-11-03,,5650.0,,0.0
2020-11-04,6140.0,5650.0,-0.07980456026058635,1.0
2020-11-05,6140.0,5650.0,-0.07980456026058635,1.0
2020-11-06,6190.0,5650.0,-0.08723747980613894,1.0
2020-11-09,6260.0,5650.0,-0.097444089456869,1.0
2020-11-10,6100.0,5650.0,-0.07377049180327866,1.0
2020-11-11,6100.0,5650.0,-0.07377049180327866,1.0
2020-11-12,6060.0,5650.0,-0.06765676567656764,1.0
2020-11-13,6070.0,5650.0,-0.06919275123558488,1.0
2020-11-16,6090.0,5650.0,-0.07224958949096882,1.0
2020-11-17,6080.0,5650.0,-0.07072368421052633,1.0
2020-11-18,6030.0,5650.0,-0.06301824212271978,1.0
2020-11-19,5950.0,5650.0,-0.050420168067226934,1.0
2020-11-20,5980.0,,,
2020-11-23,,5650.0,,0.0
2020-11-24,5870.0,5650.0,-0.03747870528109032,1.0
2020-11-25,5800.0,5650.0,-0.025862068965517238,1.0
2020-11-26,5800.0,5650.0,-0.025862068965517238,1.0
2020-11-27,5790.0,5650.0,-0.024179620034542326,1.0
2020-11-30,5650.0,,,
2020-12-01,5760.0,5830.0,0.012152777777777679,0.0
2020-12-02,5830.0,5880.0,0.00857632933104635,0.0
2020-12-03,5920.0,5880.0,-0.006756756756756799,1.0
2020-12-04,5880.0,5880.0,0.0,0.0
2020-12-07,5910.0,5880.0,-0.005076142131979711,1.0
2020-12-08,5980.0,5880.0,-0.01672240802675584,1.0
2020-12-09,5980.0,5880.0,-0.01672240802675584,1.0
2020-12-10,5910.0,5880.0,-0.005076142131979711,1.0
2020-12-11,5900.0,5880.0,-0.003389830508474523,1.0
2020-12-14,5880.0,5900.0,0.00340136054421758,0.0
2020-12-15,5900.0,5930.0,0.005084745762711895,0.0
2020-12-16,5930.0,5960.0,0.005059021922428242,0.0
2020-12-17,5960.0,6010.0,0.008389261744966348,0.0
2020-12-18,6200.0,6010.0,-0.030645161290322576,1.0
2020-12-21,6140.0,6010.0,-0.021172638436482094,1.0
2020-12-22,6070.0,6010.0,-0.009884678747940745,1.0
2020-12-23,6010.0,6040.0,0.004991680532445919,0.0
2020-12-24,6040.0,6040.0,0.0,0.0
2020-12-25,6040.0,6080.0,0.0066225165562914245,0.0
2020-12-28,6100.0,6080.0,-0.003278688524590123,1.0
2020-12-29,6080.0,6090.0,0.00164473684210531,0.0
2020-12-30,6090.0,,,
2020-12-31,,,,
2021-01-01,,5920.0,,0.0
2021-01-04,6210.0,5920.0,-0.04669887278582929,1.0
2021-01-05,6270.0,5920.0,-0.05582137161084533,1.0
2021-01-06,6240.0,5920.0,-0.05128205128205132,1.0
2021-01-07,6190.0,5920.0,-0.043618739903069415,1.0
2021-01-08,6170.0,,,
2021-01-11,,5920.0,,0.0
2021-01-12,6050.0,5920.0,-0.02148760330578514,1.0
2021-01-13,5990.0,5920.0,-0.011686143572620988,1.0
2021-01-14,5970.0,5920.0,-0.008375209380234505,1.0
2021-01-15,5980.0,5920.0,-0.010033444816053505,1.0
2021-01-18,5920.0,5930.0,0.0016891891891892552,0.0
2021-01-19,5930.0,5930.0,0.0,0.0
2021-01-20,5990.0,5930.0,-0.01001669449081799,1.0
2021-01-21,6010.0,5930.0,-0.01331114808652245,1.0
2021-01-22,5980.0,5930.0,-0.00836120401337792,1.0
2021-01-25,5930.0,5930.0,0.0,0.0
2021-01-26,5960.0,5930.0,-0.005033557046979831,1.0
2021-01-27,5940.0,5930.0,-0.0016835016835017313,1.0
2021-01-28,5930.0,5980.0,0.008431703204047292,0.0
2021-01-29,5980.0,,,
2021-02-01,6030.0,5770.0,-0.04311774461028195,1.0
2021-02-02,6040.0,5770.0,-0.04470198675496684,1.0
2021-02-03,5990.0,5770.0,-0.036727879799666074,1.0
2021-02-04,5930.0,5770.0,-0.026981450252951067,1.0
2021-02-05,5880.0,5770.0,-0.018707482993197244,1.0
2021-02-08,5930.0,5770.0,-0.026981450252951067,1.0
2021-02-09,5970.0,5770.0,-0.03350083752093802,1.0
2021-02-10,5980.0,,,
2021-02-11,,5770.0,,0.0
2021-02-12,5920.0,5770.0,-0.02533783783783783,1.0
2021-02-15,5930.0,5770.0,-0.026981450252951067,1.0
2021-02-16,5940.0,5770.0,-0.028619528619528656,1.0
2021-02-17,5890.0,5770.0,-0.02037351443123936,1.0
2021-02-18,5850.0,5770.0,-0.013675213675213627,1.0
2021-02-19,5790.0,5770.0,-0.003454231433506094,1.0
2021-02-22,5840.0,,,
2021-02-23,,5770.0,,0.0
2021-02-24,5900.0,5770.0,-0.02203389830508473,1.0
2021-02-25,5890.0,5770.0,-0.02037351443123936,1.0
2021-02-26,5770.0,,,
2021-03-01,5760.0,5660.0,-0.01736111111111116,1.0
2021-03-02,5660.0,5670.0,0.0017667844522968323,0.0
2021-03-03,5740.0,5670.0,-0.012195121951219523,1.0
2021-03-04,5690.0,5670.0,-0.0035149384885764245,1.0
2021-03-05,5670.0,5690.0,0.003527336860670305,0.0
2021-03-08,5700.0,5690.0,-0.0017543859649122862,1.0
2021-03-09,5690.0,5770.0,0.014059753954305698,0.0
2021-03-10,5770.0,5770.0,0.0,0.0
2021-03-11,5850.0,5770.0,-0.013675213675213627,1.0
2021-03-12,5790.0,5770.0,-0.003454231433506094,1.0
2021-03-15,5830.0,5770.0,-0.010291595197255532,1.0
2021-03-16,5860.0,5770.0,-0.015358361774744034,1.0
2021-03-17,5850.0,5770.0,-0.013675213675213627,1.0
2021-03-18,5910.0,5770.0,-0.02368866328257191,1.0
2021-03-19,5880.0,5770.0,-0.018707482993197244,1.0
2021-03-22,5870.0,5770.0,-0.017035775127768327,1.0
2021-03-23,5840.0,5770.0,-0.011986301369863006,1.0
2021-03-24,5810.0,5770.0,-0.0068846815834767705,1.0
2021-03-25,5840.0,5770.0,-0.011986301369863006,1.0
2021-03-26,5840.0,5770.0,-0.011986301369863006,1.0
2021-03-29,5860.0,5770.0,-0.015358361774744034,1.0
2021-03-30,5810.0,5770.0,-0.0068846815834767705,1.0
2021-03-31,5770.0,,,
2021-04-01,5870.0,5830.0,-0.006814310051107331,1.0
2021-04-02,5880.0,5830.0,-0.008503401360544172,1.0
2021-04-05,5870.0,5830.0,-0.006814310051107331,1.0
2021-04-06,5890.0,5830.0,-0.01018675721561968,1.0
2021-04-07,5890.0,5830.0,-0.01018675721561968,1.0
2021-04-08,5900.0,5830.0,-0.011864406779661052,1.0
2021-04-09,5900.0,5830.0,-0.011864406779661052,1.0
2021-04-12,5880.0,5830.0,-0.008503401360544172,1.0
2021-04-13,5840.0,5830.0,-0.001712328767123239,1.0
2021-04-14,5850.0,5830.0,-0.0034188034188034067,1.0
2021-04-15,5830.0,5890.0,0.010291595197255532,0.0
2021-04-16,5930.0,5890.0,-0.006745362563237767,1.0
2021-04-19,5970.0,5890.0,-0.01340033500837523,1.0
2021-04-20,5920.0,5890.0,-0.0050675675675675436,1.0
2021-04-21,5950.0,5890.0,-0.010084033613445342,1.0
2021-04-22,5950.0,5890.0,-0.010084033613445342,1.0
2021-04-23,5910.0,5890.0,-0.0033840947546531774,1.0
2021-04-26,5890.0,5890.0,0.0,0.0
2021-04-27,5940.0,5890.0,-0.008417508417508435,1.0
2021-04-28,5920.0,,,
2021-04-29,,5890.0,,0.0
2021-04-30,5890.0,,,
2021-05-03,,,,
2021-05-04,,,,
2021-05-05,,6020.0,,0.0
2021-05-06,6020.0,6080.0,0.009966777408637828,0.0
2021-05-07,6080.0,6090.0,0.00164473684210531,0.0
2021-05-10,6130.0,6090.0,-0.006525285481239762,1.0
2021-05-11,6120.0,6090.0,-0.004901960784313708,1.0
2021-05-12,6100.0,6090.0,-0.0016393442622950616,1.0
2021-05-13,6090.0,6120.0,0.0049261083743843415,0.0
2021-05-14,6120.0,6220.0,0.016339869281045694,0.0
2021-05-17,6230.0,6220.0,-0.0016051364365970988,1.0
2021-05-18,6280.0,6220.0,-0.009554140127388533,1.0
2021-05-19,6260.0,6220.0,-0.006389776357827448,1.0
2021-05-20,6260.0,6220.0,-0.006389776357827448,1.0
2021-05-21,6240.0,6220.0,-0.0032051282051281937,1.0
2021-05-24,6290.0,6220.0,-0.011128775834658211,1.0
2021-05-25,6220.0,6330.0,0.01768488745980701,0.0
2021-05-26,6330.0,6340.0,0.0015797788309637184,0.0
2021-05-27,6340.0,6350.0,0.001577287066246047,0.0
2021-05-28,6350.0,6410.0,0.009448818897637823,0.0
2021-05-31,6410.0,,,
2021-06-01,6430.0,5930.0,-0.07776049766718507,1.0
2021-06-02,6400.0,5930.0,-0.07343750000000004,1.0
2021-06-03,6370.0,5930.0,-0.06907378335949765,1.0
2021-06-04,6270.0,5930.0,-0.054226475279106845,1.0
2021-06-07,6280.0,5930.0,-0.055732484076433164,1.0
2021-06-08,6320.0,5930.0,-0.06170886075949367,1.0
2021-06-09,6310.0,5930.0,-0.060221870047543535,1.0
2021-06-10,6280.0,5930.0,-0.055732484076433164,1.0
2021-06-11,6320.0,5930.0,-0.06170886075949367,1.0
2021-06-14,6170.0,5930.0,-0.03889789303079416,1.0
2021-06-15,6180.0,5930.0,-0.04045307443365698,1.0
2021-06-16,6180.0,5930.0,-0.04045307443365698,1.0
2021-06-17,6080.0,5930.0,-0.024671052631578982,1.0
2021-06-18,5980.0,5930.0,-0.00836120401337792,1.0
2021-06-21,5930.0,5960.0,0.005059021922428242,0.0
2021-06-22,6020.0,5960.0,-0.009966777408637828,1.0
2021-06-23,6020.0,5960.0,-0.009966777408637828,1.0
2021-06-24,6030.0,5960.0,-0.011608623548922004,1.0
2021-06-25,6040.0,5960.0,-0.013245033112582738,1.0
2021-06-28,6070.0,5960.0,-0.018121911037891292,1.0
2021-06-29,6030.0,5960.0,-0.011608623548922004,1.0
2021-06-30,5960.0,,,
2021-07-01,6050.0,6070.0,0.0033057851239668423,0.0
2021-07-02,6080.0,6070.0,-0.00164473684210531,1.0
2021-07-05,6110.0,6070.0,-0.006546644844517169,1.0
2021-07-06,6150.0,6070.0,-0.013008130081300862,1.0
2021-07-07,6120.0,6070.0,-0.008169934640522847,1.0
2021-07-08,6100.0,6070.0,-0.004918032786885296,1.0
2021-07-09,6080.0,6070.0,-0.00164473684210531,1.0
2021-07-12,6080.0,6070.0,-0.00164473684210531,1.0
2021-07-13,6110.0,6070.0,-0.006546644844517169,1.0
2021-07-14,6140.0,6070.0,-0.01140065146579805,1.0
2021-07-15,6170.0,6070.0,-0.01620745542949753,1.0
2021-07-16,6160.0,6070.0,-0.01461038961038963,1.0
2021-07-19,6120.0,6070.0,-0.008169934640522847,1.0
2021-07-20,6100.0,6070.0,-0.004918032786885296,1.0
2021-07-21,6080.0,,,
2021-07-22,,,,
2021-07-23,,6070.0,,0.0
2021-07-26,6100.0,6070.0,-0.004918032786885296,1.0
2021-07-27,6070.0,6090.0,0.0032948929159801743,0.0
2021-07-28,6090.0,6110.0,0.003284072249589487,0.0
2021-07-29,6110.0,6120.0,0.0016366612111293755,0.0
2021-07-30,6120.0,,,
2021-08-02,6070.0,5860.0,-0.034596375617792385,1.0
2021-08-03,6040.0,5860.0,-0.0298013245033113,1.0
2021-08-04,6040.0,5860.0,-0.0298013245033113,1.0
2021-08-05,6060.0,5860.0,-0.03300330033003296,1.0
2021-08-06,6030.0,,,
2021-08-09,,5860.0,,0.0
2021-08-10,5860.0,5880.0,0.0034129692832765013,0.0
2021-08-11,5880.0,5900.0,0.00340136054421758,0.0
2021-08-12,5900.0,5930.0,0.005084745762711895,0.0
2021-08-13,5940.0,5930.0,-0.0016835016835017313,1.0
2021-08-16,5930.0,5970.0,0.006745362563237878,0.0
2021-08-17,6000.0,5970.0,-0.0050000000000000044,1.0
2021-08-18,6010.0,5970.0,-0.006655574043261225,1.0
2021-08-19,6000.0,5970.0,-0.0050000000000000044,1.0
2021-08-20,5970.0,6000.0,0.005025125628140614,0.0
2021-08-23,6010.0,6000.0,-0.0016638935108153063,1.0
2021-08-24,6060.0,6000.0,-0.00990099009900991,1.0
2021-08-25,6020.0,6000.0,-0.0033222591362126463,1.0
2021-08-26,6000.0,6070.0,0.011666666666666714,0.0
2021-08-27,6070.0,6090.0,0.0032948929159801743,0.0
2021-08-30,6090.0,6100.0,0.0016420361247948545,0.0
2021-08-31,6100.0,,,
2021-09-01,6110.0,5930.0,-0.029459901800327315,1.0
2021-09-02,6100.0,5930.0,-0.02786885245901638,1.0
2021-09-03,6090.0,5930.0,-0.026272577996715896,1.0
2021-09-06,6130.0,5930.0,-0.03262642740619903,1.0
2021-09-07,6100.0,5930.0,-0.02786885245901638,1.0
2021-09-08,6070.0,5930.0,-0.023064250411861664,1.0
2021-09-09,6020.0,5930.0,-0.014950166112956853,1.0
2021-09-10,6050.0,5930.0,-0.01983471074380161,1.0
2021-09-13,6020.0,5930.0,-0.014950166112956853,1.0
2021-09-14,6040.0,5930.0,-0.018211920529801362,1.0
2021-09-15,6060.0,5930.0,-0.021452145214521434,1.0
2021-09-16,6000.0,5930.0,-0.011666666666666714,1.0
2021-09-17,5950.0,,,
2021-09-20,,5930.0,,0.0
2021-09-21,5930.0,5940.0,0.001686340640809414,0.0
2021-09-22,5980.0,,,
2021-09-23,,5940.0,,0.0
2021-09-24,5940.0,5940.0,0.0,0.0
2021-09-27,5950.0,5940.0,-0.001680672268907557,1.0
2021-09-28,5940.0,5940.0,0.0,0.0
2021-09-29,5940.0,5940.0,0.0,0.0
2021-09-30,5940.0,,,
2021-10-01,5980.0,5990.0,0.0016722408026756952,0.0
2021-10-04,5990.0,5990.0,0.0,0.0
2021-10-05,5990.0,6010.0,0.0033388981636059967,0.0
2021-10-06,6010.0,6010.0,0.0,0.0
2021-10-07,6010.0,6020.0,0.0016638935108153063,0.0
2021-10-08,6020.0,6050.0,0.004983388704318914,0.0
2021-10-11,6050.0,6100.0,0.008264462809917328,0.0
2021-10-12,6110.0,6100.0,-0.0016366612111292644,1.0
2021-10-13,6100.0,6190.0,0.014754098360655776,0.0
2021-10-14,6210.0,6190.0,-0.0032206119162641045,1.0
2021-10-15,6240.0,6190.0,-0.008012820512820484,1.0
2021-10-18,6190.0,6190.0,0.0,0.0
2021-10-19,6200.0,6190.0,-0.001612903225806428,1.0
2021-10-20,6210.0,6190.0,-0.0032206119162641045,1.0
2021-10-21,6230.0,6190.0,-0.006420545746388395,1.0
2021-10-22,6220.0,6190.0,-0.004823151125401881,1.0
2021-10-25,6240.0,6190.0,-0.008012820512820484,1.0
2021-10-26,6290.0,6190.0,-0.015898251192368873,1.0
2021-10-27,6220.0,6190.0,-0.004823151125401881,1.0
2021-10-28,6260.0,6190.0,-0.011182108626198062,1.0
2021-10-29,6190.0,,,
2021-11-01,6190.0,6180.0,-0.001615508885298822,1.0
2021-11-02,6230.0,,,
2021-11-03,,6180.0,,0.0
2021-11-04,6180.0,6220.0,0.006472491909385036,0.0
2021-11-05,6220.0,6225.0,0.000803858520900258,0.0
2021-11-08,6290.0,6225.0,-0.010333863275039712,1.0
2021-11-09,6270.0,6225.0,-0.0071770334928229484,1.0
2021-11-10,6300.0,6225.0,-0.011904761904761862,1.0
2021-11-11,6460.0,6225.0,-0.03637770897832815,1.0
2021-11-12,6490.0,6225.0,-0.04083204930662554,1.0
2021-11-15,6450.0,6225.0,-0.03488372093023251,1.0
2021-11-16,6500.0,6225.0,-0.04230769230769227,1.0
2021-11-17,6510.0,6225.0,-0.04377880184331795,1.0
2021-11-18,6510.0,6225.0,-0.04377880184331795,1.0
2021-11-19,6480.0,6225.0,-0.03935185185185186,1.0
2021-11-22,6430.0,,,
2021-11-23,,6225.0,,0.0
2021-11-24,6310.0,6225.0,-0.01347068145800312,1.0
2021-11-25,6320.0,6225.0,-0.015031645569620222,1.0
2021-11-26,6300.0,6225.0,-0.011904761904761862,1.0
2021-11-29,6229.0,6225.0,-0.0006421576497029902,1.0
2021-11-30,6225.0,,,
2021-12-01,6229.0,6165.0,-0.010274522395248065,1.0
2021-12-02,6168.0,6165.0,-0.0004863813229571967,1.0
2021-12-03,6165.0,6170.0,0.0008110300081103361,0.0
2021-12-06,6182.0,6170.0,-0.0019411193788417824,1.0
2021-12-07,6209.0,6170.0,-0.006281204702850651,1.0
2021-12-08,6238.0,6170.0,-0.01090092978518753,1.0
2021-12-09,6232.0,6170.0,-0.009948652118100143,1.0
2021-12-10,6189.0,6170.0,-0.003069962837291995,1.0
2021-12-13,6215.0,6170.0,-0.007240547063555924,1.0
2021-12-14,6232.0,6170.0,-0.009948652118100143,1.0
2021-12-15,6170.0,6236.0,0.010696920583468383,0.0
2021-12-16,6236.0,6251.0,0.0024053880692751495,0.0
2021-12-17,6288.0,6251.0,-0.005884223918575016,1.0
2021-12-20,6271.0,6251.0,-0.0031892840057407,1.0
2021-12-21,6258.0,6251.0,-0.0011185682326622093,1.0
2021-12-22,6251.0,6326.0,0.011998080307150882,0.0
2021-12-23,6326.0,6337.0,0.0017388555169142172,0.0
2021-12-24,6337.0,6338.0,0.00015780337699222713,0.0
2021-12-27,6338.0,6345.0,0.0011044493531082722,0.0
2021-12-28,6377.0,6345.0,-0.005018033558099377,1.0
2021-12-29,6358.0,6345.0,-0.002044668134633554,1.0
2021-12-30,6345.0,,,
2021-12-31,,,,
2022-01-03,,6326.0,,0.0
2022-01-04,6399.0,6326.0,-0.011408032505078936,1.0
2022-01-05,6468.0,6326.0,-0.02195423623995052,1.0
2022-01-06,6402.0,6326.0,-0.011871290221805664,1.0
2022-01-07,6355.0,,,
2022-01-10,,6326.0,,0.0
2022-01-11,6380.0,6326.0,-0.008463949843260155,1.0
2022-01-12,6430.0,6326.0,-0.01617418351477451,1.0
2022-01-13,6412.0,6326.0,-0.01341235184029943,1.0
2022-01-14,6374.0,6326.0,-0.007530593034201449,1.0
2022-01-17,6381.0,6326.0,-0.008619338661651765,1.0
2022-01-18,6380.0,6326.0,-0.008463949843260155,1.0
2022-01-19,6347.0,6326.0,-0.0033086497557901495,1.0
2022-01-20,6447.0,6326.0,-0.018768419419885163,1.0
2022-01-21,6423.0,6326.0,-0.015101977269188827,1.0
2022-01-24,6407.0,6326.0,-0.012642422350554128,1.0
2022-01-25,6428.0,6326.0,-0.01586807716241445,1.0
2022-01-26,6451.0,6326.0,-0.019376840799876005,1.0
2022-01-27,6369.0,6326.0,-0.00675145234730723,1.0
2022-01-28,6358.0,6326.0,-0.005033029254482568,1.0
2022-01-31,6326.0,,,
2022-02-01,6371.0,6338.0,-0.005179720609009619,1.0
2022-02-02,6338.0,6350.0,0.0018933417481854509,0.0
2022-02-03,6350.0,6377.0,0.004251968503937054,0.0
2022-02-04,6377.0,6409.0,0.005018033558099377,0.0
2022-02-07,6409.0,6453.0,0.006865345607739215,0.0
2022-02-08,6453.0,6468.0,0.002324500232450122,0.0
2022-02-09,6468.0,6499.0,0.00479282622139765,0.0
2022-02-10,6499.0,,,
2022-02-11,,6560.0,,0.0
2022-02-14,6571.0,6560.0,-0.0016740222188403875,1.0
2022-02-15,6648.0,6560.0,-0.013237063778580027,1.0
2022-02-16,6560.0,6620.0,0.009146341463414531,0.0
2022-02-17,6620.0,6663.0,0.006495468277945671,0.0
2022-02-18,6663.0,6664.0,0.00015008254539994326,0.0
2022-02-21,6664.0,6710.0,0.006902761104441879,0.0
2022-02-22,6710.0,,,
2022-02-23,,6730.0,,0.0
2022-02-24,6805.0,6730.0,-0.01102130786186628,1.0
2022-02-25,6730.0,6733.0,0.0004457652303120341,0.0
2022-02-28,6733.0,,,
2022-03-01,6709.0,6803.0,0.014011029959755561,0.0
2022-03-02,6805.0,6803.0,-0.00029390154298314375,1.0
2022-03-03,6803.0,6855.0,0.007643686608848954,0.0
2022-03-04,6855.0,6931.0,0.011086797957695183,0.0
2022-03-07,7035.0,6931.0,-0.014783226723525278,1.0
2022-03-08,7068.0,6931.0,-0.019383135257498574,1.0
2022-03-09,7266.0,6931.0,-0.04610514726121662,1.0
2022-03-10,7053.0,6931.0,-0.01729760385651491,1.0
2022-03-11,7062.0,6931.0,-0.018549985839705463,1.0
2022-03-14,7092.0,6931.0,-0.02270163564579808,1.0
2022-03-15,6950.0,6931.0,-0.0027338129496402575,1.0
2022-03-16,6931.0,7020.0,0.01284085990477557,0.0
2022-03-17,7024.0,7020.0,-0.0005694760820045275,1.0
2022-03-18,7020.0,,,
2022-03-21,,7106.0,,0.0
2022-03-22,7135.0,7106.0,-0.004064470918009766,1.0
2022-03-23,7106.0,7172.0,0.009287925696594534,0.0
2022-03-24,7203.0,7172.0,-0.004303762321255067,1.0
2022-03-25,7295.0,7172.0,-0.016860863605208998,1.0
2022-03-28,7280.0,7172.0,-0.014835164835164782,1.0
2022-03-29,7275.0,7172.0,-0.014158075601374609,1.0
2022-03-30,7174.0,7172.0,-0.00027878449958185225,1.0
2022-03-31,7172.0,,,
2022-04-01,7242.0,7197.0,-0.006213753106876552,1.0
2022-04-04,7197.0,7233.0,0.005002084201750634,0.0
2022-04-05,7233.0,7268.0,0.004838932669708251,0.0
2022-04-06,7279.0,7268.0,-0.001511196592938635,1.0
2022-04-07,7268.0,7319.0,0.007017061089708232,0.0
2022-04-08,7319.0,7430.0,0.015166006285011635,0.0
2022-04-11,7444.0,7430.0,-0.0018807092960774208,1.0
2022-04-12,7535.0,7430.0,-0.013934970139349745,1.0
2022-04-13,7589.0,7430.0,-0.02095137699301619,1.0
2022-04-14,7578.0,7430.0,-0.019530219055159725,1.0
2022-04-15,7699.0,7430.0,-0.03493960254578521,1.0
2022-04-18,7716.0,7430.0,-0.037065837221358255,1.0
2022-04-19,7751.0,7430.0,-0.041414011095342484,1.0
2022-04-20,7658.0,7430.0,-0.02977278662836247,1.0
2022-04-21,7670.0,7430.0,-0.0312907431551499,1.0
2022-04-22,7656.0,7430.0,-0.02951933124346917,1.0
2022-04-25,7519.0,7430.0,-0.01183668040962893,1.0
2022-04-26,7480.0,7430.0,-0.006684491978609652,1.0
2022-04-27,7430.0,7458.0,0.003768506056527565,0.0
2022-04-28,7458.0,,,
2022-04-29,,,,
2022-05-02,7538.0,,,
2022-05-03,,,,
2022-05-04,,,,
2022-05-05,,7136.0,,0.0
2022-05-06,7510.0,7136.0,-0.04980026631158452,1.0
2022-05-09,7524.0,7136.0,-0.051568314726209485,1.0
2022-05-10,7438.0,7136.0,-0.04060231244958323,1.0
2022-05-11,7319.0,7136.0,-0.025003415767181347,1.0
2022-05-12,7332.0,7136.0,-0.0267321331151118,1.0
2022-05-13,7202.0,7136.0,-0.009164121077478438,1.0
2022-05-16,7136.0,7145.0,0.0012612107623317659,0.0
2022-05-17,7245.0,7145.0,-0.013802622498274686,1.0
2022-05-18,7162.0,7145.0,-0.002373638648422216,1.0
2022-05-19,7145.0,7205.0,0.008397480755773179,0.0
2022-05-20,7224.0,7205.0,-0.002630121816168285,1.0
2022-05-23,7284.0,7205.0,-0.010845689181768314,1.0
2022-05-24,7274.0,7205.0,-0.009485839978003896,1.0
2022-05-25,7254.0,7205.0,-0.0067548938516680535,1.0
2022-05-26,7205.0,7208.0,0.00041637751561407477,0.0
2022-05-27,7208.0,7241.0,0.004578246392896723,0.0
2022-05-30,7241.0,7270.0,0.004004971688993164,0.0
2022-05-31,7270.0,,,
2022-06-01,7252.0,7352.0,0.013789299503585317,0.0
2022-06-02,7352.0,7414.0,0.0084330794341676,0.0
2022-06-03,7430.0,7414.0,-0.00215343203230145,1.0
2022-06-06,7414.0,7471.0,0.007688157539789575,0.0
2022-06-07,7471.0,7503.0,0.0042832284834695145,0.0
2022-06-08,7512.0,7503.0,-0.0011980830670926812,1.0
2022-06-09,7551.0,7503.0,-0.0063567739372268894,1.0
2022-06-10,7511.0,7503.0,-0.0010651045133803771,1.0
2022-06-13,7696.0,7503.0,-0.025077962577962576,1.0
2022-06-14,7517.0,7503.0,-0.001862445124384715,1.0
2022-06-15,7503.0,7509.0,0.000799680127948843,0.0
2022-06-16,7529.0,7509.0,-0.0026563952716164296,1.0
2022-06-17,7573.0,7509.0,-0.008451076191733797,1.0
2022-06-20,7611.0,7509.0,-0.01340165549862038,1.0
2022-06-21,7586.0,7509.0,-0.010150276825731663,1.0
2022-06-22,7604.0,7509.0,-0.012493424513413953,1.0
2022-06-23,7595.0,7509.0,-0.011323238973008576,1.0
2022-06-24,7509.0,7551.0,0.0055932880543347885,0.0
2022-06-27,7563.0,7551.0,-0.00158667195557316,1.0
2022-06-28,7551.0,7560.0,0.0011918951132301459,0.0
2022-06-29,7562.0,7560.0,-0.00026448029621795044,1.0
2022-06-30,7560.0,,,
2022-07-01,7412.0,7143.0,-0.0362924986508365,1.0
2022-07-04,7484.0,7143.0,-0.045563869588455375,1.0
2022-07-05,7532.0,7143.0,-0.05164630908125334,1.0
2022-07-06,7290.0,7143.0,-0.02016460905349793,1.0
2022-07-07,7241.0,7143.0,-0.013534042259356394,1.0
2022-07-08,7220.0,7143.0,-0.010664819944598336,1.0
2022-07-11,7289.0,7143.0,-0.020030182466730717,1.0
2022-07-12,7264.0,7143.0,-0.016657488986784097,1.0
2022-07-13,7231.0,7143.0,-0.012169824367307402,1.0
2022-07-14,7309.0,7143.0,-0.02271172527021481,1.0
2022-07-15,7260.0,,,
2022-07-18,,7143.0,,0.0
2022-07-19,7220.0,7143.0,-0.010664819944598336,1.0
2022-07-20,7216.0,7143.0,-0.010116407982261655,1.0
2022-07-21,7143.0,7169.0,0.003639927201456006,0.0
2022-07-22,7208.0,7169.0,-0.005410654827968875,1.0
2022-07-25,7171.0,7169.0,-0.00027890112954953583,1.0
2022-07-26,7177.0,7169.0,-0.0011146718684686974,1.0
2022-07-27,7176.0,7169.0,-0.0009754738015607112,1.0
2022-07-28,7184.0,7169.0,-0.0020879732739420565,1.0
2022-07-29,7169.0,,,
2022-08-01,7129.0,7076.0,-0.0074344227801935725,1.0
2022-08-02,7076.0,7192.0,0.016393442622950838,0.0
2022-08-03,7192.0,7249.0,0.007925472747497109,0.0
2022-08-04,7249.0,7271.0,0.003034901365705611,0.0
2022-08-05,7313.0,7271.0,-0.005743197046355841,1.0
2022-08-08,7338.0,7271.0,-0.00913055328427359,1.0
2022-08-09,7380.0,7271.0,-0.014769647696476929,1.0
2022-08-10,7382.0,,,
2022-08-11,,7271.0,,0.0
2022-08-12,7291.0,7271.0,-0.002743107941297507,1.0
2022-08-15,7308.0,7271.0,-0.0050629447181170795,1.0
2022-08-16,7271.0,7287.0,0.002200522624123291,0.0
2022-08-17,7310.0,7287.0,-0.003146374829001375,1.0
2022-08-18,7292.0,7287.0,-0.0006856829402084319,1.0
2022-08-19,7305.0,7287.0,-0.002464065708418839,1.0
2022-08-22,7308.0,7287.0,-0.002873563218390829,1.0
2022-08-23,7287.0,7291.0,0.0005489227391244356,0.0
2022-08-24,7294.0,7291.0,-0.0004112969564025182,1.0
2022-08-25,7336.0,7291.0,-0.006134133042529966,1.0
2022-08-26,7331.0,7291.0,-0.005456281544127695,1.0
2022-08-29,7310.0,7291.0,-0.002599179206566382,1.0
2022-08-30,7339.0,7291.0,-0.006540400599536755,1.0
2022-08-31,7291.0,,,
2022-09-01,7254.0,7173.0,-0.011166253101737023,1.0
2022-09-02,7299.0,7173.0,-0.01726263871763256,1.0
2022-09-05,7348.0,7173.0,-0.02381600435492648,1.0
2022-09-06,7393.0,7173.0,-0.02975787907480054,1.0
2022-09-07,7456.0,7173.0,-0.03795600858369097,1.0
2022-09-08,7529.0,7173.0,-0.04728383583477225,1.0
2022-09-09,7494.0,7173.0,-0.04283426741393115,1.0
2022-09-12,7482.0,7173.0,-0.041299117882918956,1.0
2022-09-13,7472.0,7173.0,-0.0400160599571735,1.0
2022-09-14,7458.0,7173.0,-0.03821399839098949,1.0
2022-09-15,7406.0,7173.0,-0.03146097758574129,1.0
2022-09-16,7287.0,,,
2022-09-19,,7173.0,,0.0
2022-09-20,7301.0,7173.0,-0.01753184495274618,1.0
2022-09-21,7319.0,7173.0,-0.0199480803388441,1.0
2022-09-22,7348.0,,,
2022-09-23,,7173.0,,0.0
2022-09-26,7194.0,7173.0,-0.0029190992493745016,1.0
2022-09-27,7206.0,7173.0,-0.004579517069109085,1.0
2022-09-28,7173.0,7265.0,0.01282587480830899,0.0
2022-09-29,7265.0,7350.0,0.011699931176875511,0.0
2022-09-30,7350.0,,,
2022-10-03,7369.0,7418.0,0.006649477541050386,0.0
2022-10-04,7528.0,7418.0,-0.01461211477151969,1.0
2022-10-05,7572.0,7418.0,-0.020338087691495033,1.0
2022-10-06,7598.0,7418.0,-0.02369044485390892,1.0
2022-10-07,7580.0,,,
2022-10-10,,7418.0,,0.0
2022-10-11,7422.0,7418.0,-0.0005389382915655938,1.0
2022-10-12,7453.0,7418.0,-0.004696095532000566,1.0
2022-10-13,7483.0,7418.0,-0.008686355739676577,1.0
2022-10-14,7509.0,7418.0,-0.012118790784392042,1.0
2022-10-17,7495.0,7418.0,-0.010273515677118095,1.0
2022-10-18,7537.0,7418.0,-0.0157887753748176,1.0
2022-10-19,7511.0,7418.0,-0.01238183996804687,1.0
2022-10-20,7470.0,7418.0,-0.006961178045515437,1.0
2022-10-21,7450.0,7418.0,-0.004295302013422764,1.0
2022-10-24,7537.0,7418.0,-0.0157887753748176,1.0
2022-10-25,7493.0,7418.0,-0.010009342052582415,1.0
2022-10-26,7504.0,7418.0,-0.01146055437100213,1.0
2022-10-27,7418.0,7429.0,0.0014828794823402713,0.0
2022-10-28,7433.0,7429.0,-0.0005381407237993185,1.0
2022-10-31,7429.0,,,
2022-11-01,7422.0,7418.0,-0.0005389382915655938,1.0
2022-11-02,7443.0,,,
2022-11-03,,7418.0,,0.0
2022-11-04,7452.0,7418.0,-0.004562533548040815,1.0
2022-11-07,7513.0,7418.0,-0.012644749101557329,1.0
2022-11-08,7479.0,7418.0,-0.008156170611044233,1.0
2022-11-09,7605.0,7418.0,-0.02458908612754762,1.0
2022-11-10,7628.0,7418.0,-0.02753015207131615,1.0
2022-11-11,7609.0,7418.0,-0.02510185306873436,1.0
2022-11-14,7504.0,7418.0,-0.01146055437100213,1.0
2022-11-15,7596.0,7418.0,-0.023433385992627676,1.0
2022-11-16,7570.0,7418.0,-0.020079260237780727,1.0
2022-11-17,7520.0,7418.0,-0.013563829787234027,1.0
2022-11-18,7539.0,7418.0,-0.0160498739885927,1.0
2022-11-21,7501.0,7418.0,-0.011065191307825573,1.0
2022-11-22,7546.0,,,
2022-11-23,,7418.0,,0.0
2022-11-24,7461.0,7418.0,-0.0057633025063664745,1.0
2022-11-25,7458.0,7418.0,-0.005363368195226648,1.0
2022-11-28,7418.0,7433.0,0.00202210838500938,0.0
2022-11-29,7433.0,7436.0,0.00040360554284935013,0.0
2022-11-30,7436.0,,,
2022-12-01,7444.0,7271.0,-0.02324019344438477,1.0
2022-12-02,7446.0,7271.0,-0.023502551705613772,1.0
2022-12-05,7430.0,7271.0,-0.021399730820996,1.0
2022-12-06,7421.0,7271.0,-0.020212909311413507,1.0
2022-12-07,7439.0,7271.0,-0.022583680602231482,1.0
2022-12-08,7465.0,7271.0,-0.0259879437374414,1.0
2022-12-09,7467.0,7271.0,-0.026248828177313555,1.0
2022-12-12,7467.0,7271.0,-0.026248828177313555,1.0
2022-12-13,7498.0,7271.0,-0.03027473993064822,1.0
2022-12-14,7490.0,7271.0,-0.029238985313751686,1.0
2022-12-15,7428.0,7271.0,-0.021136241249326893,1.0
2022-12-16,7454.0,7271.0,-0.024550576871478436,1.0
2022-12-19,7456.0,7271.0,-0.024812231759656633,1.0
2022-12-20,7271.0,7286.0,0.0020629899601154467,0.0
2022-12-21,7337.0,7286.0,-0.006951069919585606,1.0
2022-12-22,7339.0,7286.0,-0.007221692328655105,1.0
2022-12-23,7286.0,7300.0,0.0019214932747735336,0.0
2022-12-26,7300.0,7334.0,0.0046575342465753344,0.0
2022-12-27,7334.0,7393.0,0.00804472320698113,0.0
2022-12-28,7405.0,7393.0,-0.0016205266711680766,1.0
2022-12-29,7400.0,7393.0,-0.0009459459459459918,1.0
2022-12-30,7393.0,,,
2023-01-02,,,,
2023-01-03,,7400.0,,0.0
2023-01-04,7400.0,7475.0,0.010135135135135087,0.0
2023-01-05,7510.0,7475.0,-0.0046604527296937315,1.0
2023-01-06,7518.0,,,
2023-01-09,,7475.0,,0.0
2023-01-10,7536.0,7475.0,-0.00809447983014866,1.0
2023-01-11,7598.0,7475.0,-0.01618847065017115,1.0
2023-01-12,7562.0,7475.0,-0.011504892885480067,1.0
2023-01-13,7475.0,7477.0,0.00026755852842819117,0.0
2023-01-16,7487.0,7477.0,-0.001335648457326033,1.0
2023-01-17,7513.0,7477.0,-0.004791694396379609,1.0
2023-01-18,7560.0,7477.0,-0.010978835978835977,1.0
2023-01-19,7477.0,7584.0,0.014310552360572437,0.0
2023-01-20,7584.0,7606.0,0.0029008438818565185,0.0
2023-01-23,7625.0,7606.0,-0.002491803278688476,1.0
2023-01-24,7669.0,7606.0,-0.008214891120093881,1.0
2023-01-25,7670.0,7606.0,-0.008344198174706663,1.0
2023-01-26,7679.0,7606.0,-0.009506446151842707,1.0
2023-01-27,7631.0,7606.0,-0.003276110601493909,1.0
2023-01-30,7639.0,7606.0,-0.004319937164550369,1.0
2023-01-31,7606.0,,,
2023-02-01,7645.0,7479.0,-0.02171353826030087,1.0
2023-02-02,7664.0,7479.0,-0.024138830897703523,1.0
2023-02-03,7528.0,7479.0,-0.0065090329436768846,1.0
2023-02-06,7549.0,7479.0,-0.009272751357795705,1.0
2023-02-07,7565.0,7479.0,-0.011368142762723021,1.0
2023-02-08,7520.0,7479.0,-0.005452127659574479,1.0
2023-02-09,7528.0,7479.0,-0.0065090329436768846,1.0
2023-02-10,7479.0,7481.0,0.0002674154298702991,0.0
2023-02-13,7496.0,7481.0,-0.002001067235859133,1.0
2023-02-14,7481.0,7516.0,0.004678518914583707,0.0
2023-02-15,7519.0,7516.0,-0.00039898922729086905,1.0
2023-02-16,7527.0,7516.0,-0.0014614056064833347,1.0
2023-02-17,7529.0,7516.0,-0.0017266569265507181,1.0
2023-02-20,7550.0,7516.0,-0.0045033112582781865,1.0
2023-02-21,7545.0,7516.0,-0.0038436050364479835,1.0
2023-02-22,7559.0,,,
2023-02-23,,7516.0,,0.0
2023-02-24,7516.0,7537.0,0.0027940393826504373,0.0
2023-02-27,7537.0,7549.0,0.0015921454159479875,0.0
2023-02-28,7549.0,,,
2023-03-01,7619.0,7591.0,-0.0036750229688935487,1.0
2023-03-02,7645.0,7591.0,-0.0070634401569653615,1.0
2023-03-03,7665.0,7591.0,-0.009654272667971253,1.0
2023-03-06,7691.0,7591.0,-0.013002210375763879,1.0
2023-03-07,7670.0,7591.0,-0.010299869621903546,1.0
2023-03-08,7626.0,7591.0,-0.004589562024652549,1.0
2023-03-09,7591.0,7633.0,0.005532867869845859,0.0
2023-03-10,7633.0,7699.0,0.008646665793266006,0.0
2023-03-13,7699.0,7779.0,0.010390959864917448,0.0
2023-03-14,7789.0,7779.0,-0.0012838618564642301,1.0
2023-03-15,7798.0,7779.0,-0.002436522185175649,1.0
2023-03-16,7779.0,7831.0,0.006684663838539606,0.0
2023-03-17,7831.0,7832.0,0.00012769761205455588,0.0
2023-03-20,8019.0,,,
2023-03-21,,7832.0,,0.0
2023-03-22,7856.0,7832.0,-0.003054989816700604,1.0
2023-03-23,7904.0,7832.0,-0.009109311740890691,1.0
2023-03-24,7917.0,7832.0,-0.010736390046734878,1.0
2023-03-27,7887.0,7832.0,-0.006973500697350032,1.0
2023-03-28,7832.0,7909.0,0.00983146067415741,0.0
2023-03-29,7909.0,7955.0,0.005816158806423166,0.0
2023-03-30,7955.0,8045.0,0.011313639220615901,0.0
2023-03-31,8045.0,,,
2023-04-03,7978.0,8042.0,0.008022060666833752,0.0
2023-04-04,8042.0,8077.0,0.00435215120616772,0.0
2023-04-05,8141.0,8077.0,-0.0078614420832821,1.0
2023-04-06,8087.0,8077.0,-0.00123655249165322,1.0
2023-04-07,8109.0,8077.0,-0.0039462325810827314,1.0
2023-04-10,8077.0,8117.0,0.004952333787297203,0.0
2023-04-11,8138.0,8117.0,-0.0025804866060457066,1.0
2023-04-12,8246.0,8117.0,-0.015643948581130274,1.0
2023-04-13,8212.0,8117.0,-0.011568436434486129,1.0
2023-04-14,8258.0,8117.0,-0.01707435214337616,1.0
2023-04-17,8236.0,8117.0,-0.01444876153472563,1.0
2023-04-18,8204.0,8117.0,-0.010604583130180423,1.0
2023-04-19,8208.0,8117.0,-0.0110867446393762,1.0
2023-04-20,8181.0,8117.0,-0.007823004522674482,1.0
2023-04-21,8146.0,8117.0,-0.0035600294623128192,1.0
2023-04-24,8117.0,8142.0,0.0030799556486387214,0.0
2023-04-25,8169.0,8142.0,-0.0033051781123760726,1.0
2023-04-26,8142.0,8157.0,0.0018422991893882745,0.0
2023-04-27,8157.0,8172.0,0.0018389113644723398,0.0
2023-04-28,8172.0,,,
2023-05-01,8269.0,8290.0,0.0025396057564397445,0.0
2023-05-02,8317.0,,,
2023-05-03,,,,
2023-05-04,,,,
2023-05-05,,8290.0,,0.0
2023-05-08,8319.0,8290.0,-0.0034859959129702744,1.0
2023-05-09,8356.0,8290.0,-0.007898516036381031,1.0
2023-05-10,8400.0,8290.0,-0.013095238095238049,1.0
2023-05-11,8351.0,8290.0,-0.007304514429409603,1.0
2023-05-12,8297.0,8290.0,-0.0008436784379896034,1.0
2023-05-15,8379.0,8290.0,-0.010621792576679834,1.0
2023-05-16,8372.0,8290.0,-0.009794553272814088,1.0
2023-05-17,8311.0,8290.0,-0.002526771748285417,1.0
2023-05-18,8296.0,8290.0,-0.0007232401157184487,1.0
2023-05-19,8290.0,8311.0,0.0025331724969843705,0.0
2023-05-22,8315.0,8311.0,-0.00048105832832234796,1.0
2023-05-23,8311.0,8318.0,0.0008422572494284353,0.0
2023-05-24,8342.0,8318.0,-0.0028770079117718117,1.0
2023-05-25,8330.0,8318.0,-0.0014405762304922076,1.0
2023-05-26,8319.0,8318.0,-0.00012020675561963401,1.0
2023-05-29,8359.0,8318.0,-0.00490489292977625,1.0
2023-05-30,8318.0,8356.0,0.004568405866794967,0.0
2023-05-31,8356.0,,,
2023-06-01,8367.0,8331.0,-0.004302617425600563,1.0
2023-06-02,8398.0,8331.0,-0.007978090021433681,1.0
2023-06-05,8332.0,8331.0,-0.00012001920307247449,1.0
2023-06-06,8332.0,8331.0,-0.00012001920307247449,1.0
2023-06-07,8354.0,8331.0,-0.0027531721331098824,1.0
2023-06-08,8331.0,8332.0,0.00012003360941070795,0.0
2023-06-09,8349.0,8332.0,-0.0020361719966462966,1.0
2023-06-12,8351.0,8332.0,-0.0022751766255538763,1.0
2023-06-13,8347.0,8332.0,-0.0017970528333532965,1.0
2023-06-14,8332.0,8357.0,0.0030004800768121953,0.0
2023-06-15,8357.0,8365.0,0.0009572813210483311,0.0
2023-06-16,8391.0,8365.0,-0.0030985579787867756,1.0
2023-06-19,8434.0,8365.0,-0.008181171448897295,1.0
2023-06-20,8433.0,8365.0,-0.008063559824499023,1.0
2023-06-21,8383.0,8365.0,-0.0021472026720744664,1.0
2023-06-22,8365.0,8386.0,0.002510460251045954,0.0
2023-06-23,8386.0,8406.0,0.0023849272597185056,0.0
2023-06-26,8431.0,8406.0,-0.0029652473016249514,1.0
2023-06-27,8432.0,8406.0,-0.0030834914611005404,1.0
2023-06-28,8418.0,8406.0,-0.0014255167498218313,1.0
2023-06-29,8406.0,8417.0,0.0013085891030215624,0.0
2023-06-30,8417.0,,,
2023-07-03,8451.0,8258.0,-0.022837534019642614,1.0
2023-07-04,8498.0,8258.0,-0.02824193927983054,1.0
2023-07-05,8505.0,8258.0,-0.029041740152851214,1.0
2023-07-06,8432.0,8258.0,-0.02063567362428842,1.0
2023-07-07,8407.0,8258.0,-0.017723325799928635,1.0
2023-07-10,8385.0,8258.0,-0.01514609421586166,1.0
2023-07-11,8311.0,8258.0,-0.006377090602815549,1.0
2023-07-12,8258.0,8260.0,0.00024218939210451929,0.0
2023-07-13,8297.0,8260.0,-0.004459443172230904,1.0
2023-07-14,8260.0,,,
2023-07-17,,8285.0,,0.0
2023-07-18,8285.0,8298.0,0.0015691007845504146,0.0
2023-07-19,8395.0,8298.0,-0.011554496724240582,1.0
2023-07-20,8408.0,8298.0,-0.013082778306374832,1.0
2023-07-21,8409.0,8298.0,-0.01320014270424541,1.0
2023-07-24,8440.0,8298.0,-0.016824644549763068,1.0
2023-07-25,8438.0,8298.0,-0.016591609386110484,1.0
2023-07-26,8434.0,8298.0,-0.016125207493478788,1.0
2023-07-27,8436.0,8298.0,-0.016358463726884764,1.0
2023-07-28,8298.0,8436.0,0.016630513376717282,0.0
2023-07-31,8436.0,,,
2023-08-01,8495.0,8382.0,-0.013301942319011162,1.0
2023-08-02,8468.0,8382.0,-0.01015588096362774,1.0
2023-08-03,8440.0,8382.0,-0.006872037914691931,1.0
2023-08-04,8398.0,8382.0,-0.001905215527506554,1.0
2023-08-07,8382.0,8387.0,0.0005965163445478261,0.0
2023-08-08,8422.0,8387.0,-0.00415578247447157,1.0
2023-08-09,8415.0,8387.0,-0.0033273915626856887,1.0
2023-08-10,8417.0,,,
2023-08-11,,8387.0,,0.0
2023-08-14,8451.0,8387.0,-0.0075730682759437284,1.0
2023-08-15,8451.0,8387.0,-0.0075730682759437284,1.0
2023-08-16,8458.0,8387.0,-0.008394419484511695,1.0
2023-08-17,8450.0,8387.0,-0.007455621301775128,1.0
2023-08-18,8410.0,8387.0,-0.0027348394768133,1.0
2023-08-21,8387.0,8430.0,0.005126982234410438,0.0
2023-08-22,8430.0,8432.0,0.00023724792408064133,0.0
2023-08-23,8432.0,8480.0,0.005692599620493288,0.0
2023-08-24,8480.0,8504.0,0.002830188679245227,0.0
2023-08-25,8504.0,8523.0,0.002234242709313161,0.0
2023-08-28,8523.0,8577.0,0.006335797254487963,0.0
2023-08-29,8577.0,8624.0,0.005479771481870177,0.0
2023-08-30,8624.0,8635.0,0.0012755102040815647,0.0
2023-08-31,8635.0,,,
2023-09-01,8601.0,8488.0,-0.013138007208464142,1.0
2023-09-04,8653.0,8488.0,-0.01906853114526752,1.0
2023-09-05,8664.0,8488.0,-0.02031394275161591,1.0
2023-09-06,8629.0,8488.0,-0.01634024800092715,1.0
2023-09-07,8620.0,8488.0,-0.015313225058004587,1.0
2023-09-08,8616.0,8488.0,-0.014856081708449431,1.0
2023-09-11,8586.0,8488.0,-0.011413929652923316,1.0
2023-09-12,8583.0,8488.0,-0.011068391005475964,1.0
2023-09-13,8565.0,8488.0,-0.008990075890251026,1.0
2023-09-14,8547.0,8488.0,-0.006903006903006936,1.0
2023-09-15,8600.0,,,
2023-09-18,,8488.0,,0.0
2023-09-19,8689.0,8488.0,-0.02313269651283234,1.0
2023-09-20,8692.0,8488.0,-0.02346985734008289,1.0
2023-09-21,8708.0,8488.0,-0.025264124942581567,1.0
2023-09-22,8678.0,8488.0,-0.021894445724821354,1.0
2023-09-25,8685.0,8488.0,-0.022682786413356415,1.0
2023-09-26,8671.0,8488.0,-0.02110483219928494,1.0
2023-09-27,8617.0,8488.0,-0.014970407334339075,1.0
2023-09-28,8539.0,8488.0,-0.0059725963227543755,1.0
2023-09-29,8488.0,,,
2023-10-02,8394.0,8250.0,-0.01715511079342391,1.0
2023-10-03,8305.0,8250.0,-0.0066225165562914245,1.0
2023-10-04,8276.0,8250.0,-0.003141614306428231,1.0
2023-10-05,8266.0,8250.0,-0.0019356399709653527,1.0
2023-10-06,8250.0,,,
2023-10-09,,8444.0,,0.0
2023-10-10,8445.0,8444.0,-0.00011841326228534399,1.0
2023-10-11,8444.0,8532.0,0.010421601136902048,0.0
2023-10-12,8532.0,8549.0,0.0019924988279418354,0.0
2023-10-13,8549.0,8724.0,0.020470230436308245,0.0
2023-10-16,8724.0,8735.0,0.0012608895002292897,0.0
2023-10-17,8735.0,8833.0,0.01121923297080718,0.0
2023-10-18,8833.0,8872.0,0.004415260953243516,0.0
2023-10-19,8872.0,8993.0,0.013638412984670945,0.0
2023-10-20,9029.0,8993.0,-0.0039871525085835025,1.0
2023-10-23,9016.0,8993.0,-0.0025510204081632404,1.0
2023-10-24,8993.0,8994.0,0.00011119759813182917,0.0
2023-10-25,8994.0,9091.0,0.010784967756281905,0.0
2023-10-26,9097.0,9091.0,-0.000659558096075652,1.0
2023-10-27,9091.0,9103.0,0.0013199868001319004,0.0
2023-10-30,9108.0,9103.0,-0.0005489679402722603,1.0
2023-10-31,9103.0,,,
2023-11-01,9109.0,8940.0,-0.01855307937204964,1.0
2023-11-02,9090.0,,,
2023-11-03,,8940.0,,0.0
2023-11-06,9013.0,8940.0,-0.008099411960501457,1.0
2023-11-07,9011.0,8940.0,-0.007879258683830881,1.0
2023-11-08,8997.0,8940.0,-0.006335445148382801,1.0
2023-11-09,8940.0,8940.0,0.0,0.0
2023-11-10,9002.0,8940.0,-0.006887358364807805,1.0
2023-11-13,8956.0,8940.0,-0.001786511835640936,1.0
2023-11-14,8970.0,8940.0,-0.0033444816053511683,1.0
2023-11-15,9011.0,8940.0,-0.007879258683830881,1.0
2023-11-16,9027.0,8940.0,-0.009637753406447347,1.0
2023-11-17,9089.0,8940.0,-0.016393442622950838,1.0
2023-11-20,8977.0,8940.0,-0.004121644201849128,1.0
2023-11-21,8940.0,9042.0,0.011409395973154268,0.0
2023-11-22,9042.0,,,
2023-11-23,,9045.0,,0.0
2023-11-24,9045.0,9094.0,0.0054173576561635794,0.0
2023-11-27,9122.0,9094.0,-0.0030695023021267698,1.0
2023-11-28,9094.0,9130.0,0.003958654057620414,0.0
2023-11-29,9159.0,9130.0,-0.0031662845288786823,1.0
2023-11-30,9130.0,,,
2023-12-01,9182.0,8760.0,-0.04595948595077326,1.0
2023-12-04,9326.0,8760.0,-0.06069054256916151,1.0
2023-12-05,9098.0,8760.0,-0.03715102220268196,1.0
2023-12-06,9069.0,8760.0,-0.03407211379424413,1.0
2023-12-07,9031.0,8760.0,-0.03000775107961462,1.0
2023-12-08,8890.0,8760.0,-0.01462317210348707,1.0
2023-12-11,8861.0,8760.0,-0.01139826204717298,1.0
2023-12-12,8796.0,8760.0,-0.004092769440654842,1.0
2023-12-13,8764.0,8760.0,-0.00045641259698769865,1.0
2023-12-14,8766.0,8760.0,-0.000684462696783017,1.0
2023-12-15,8799.0,8760.0,-0.004432321854756172,1.0
2023-12-18,8760.0,8833.0,0.008333333333333304,0.0
2023-12-19,8833.0,8867.0,0.0038492018566738118,0.0
2023-12-20,8928.0,8867.0,-0.006832437275985703,1.0
2023-12-21,8867.0,8887.0,0.00225555430246982,0.0
2023-12-22,8887.0,8905.0,0.0020254304039608595,0.0
2023-12-25,8905.0,8933.0,0.0031443009545200074,0.0
2023-12-26,8933.0,8933.0,0.0,0.0
2023-12-27,8966.0,8933.0,-0.0036805710461744745,1.0
2023-12-28,8967.0,8933.0,-0.0037916806066689013,1.0
2023-12-29,8933.0,,,
2024-01-01,,,,
2024-01-02,,,,
2024-01-03,,8919.0,,0.0
2024-01-04,8952.0,8919.0,-0.003686327077747964,1.0
2024-01-05,9018.0,,,
2024-01-08,,8919.0,,0.0
2024-01-09,8919.0,8936.0,0.001906043278394387,0.0
2024-01-10,8936.0,8994.0,0.006490599820949017,0.0
2024-01-11,8994.0,9002.0,0.0008894818768068191,0.0
2024-01-12,9002.0,9045.0,0.0047767162852698775,0.0
2024-01-15,9047.0,9045.0,-0.0002210677572676012,1.0
2024-01-16,9113.0,9045.0,-0.0074618676615823,1.0
2024-01-17,9083.0,9045.0,-0.004183639766596969,1.0
2024-01-18,9045.0,9057.0,0.001326699834162559,0.0
2024-01-19,9134.0,9057.0,-0.008430041602802696,1.0
2024-01-22,9109.0,9057.0,-0.005708639806784488,1.0
2024-01-23,9136.0,9057.0,-0.008647110332749564,1.0
2024-01-24,9103.0,9057.0,-0.005053279138745426,1.0
2024-01-25,9057.0,9086.0,0.0032019432483161303,0.0
2024-01-26,9086.0,9110.0,0.0026414263702398966,0.0
2024-01-29,9119.0,9110.0,-0.0009869503235003796,1.0
2024-01-30,9110.0,9135.0,0.0027442371020856005,0.0
2024-01-31,9135.0,,,
2024-02-01,9133.0,9112.0,-0.0022993539910215466,1.0
2024-02-02,9154.0,9112.0,-0.004588158182215474,1.0
2024-02-05,9162.0,9112.0,-0.005457323728443542,1.0
2024-02-06,9169.0,9112.0,-0.0062165994110590095,1.0
2024-02-07,9148.0,9112.0,-0.003935286401399174,1.0
2024-02-08,9191.0,9112.0,-0.00859536503100855,1.0
2024-02-09,9244.0,,,
2024-02-12,,9112.0,,0.0
2024-02-13,9195.0,9112.0,-0.009026644915715032,1.0
2024-02-14,9138.0,9112.0,-0.0028452615451959318,1.0
2024-02-15,9112.0,9175.0,0.00691395961369623,0.0
2024-02-16,9175.0,9223.0,0.00523160762942787,0.0
2024-02-19,9223.0,9240.0,0.0018432180418519462,0.0
2024-02-20,9240.0,9261.0,0.002272727272727204,0.0
2024-02-21,9261.0,9283.0,0.002375553395961516,0.0
2024-02-22,9283.0,,,
2024-02-23,,9297.0,,0.0
2024-02-26,9298.0,9297.0,-0.0001075500107550198,1.0
2024-02-27,9322.0,9297.0,-0.0026818279339198003,1.0
2024-02-28,9308.0,9297.0,-0.0011817791147400447,1.0
2024-02-29,9297.0,,,
2024-03-01,9384.0,9542.0,0.016837169650468775,0.0
2024-03-04,9542.0,9713.0,0.01792077132676595,0.0
2024-03-05,9722.0,9713.0,-0.0009257354453816591,1.0
2024-03-06,9713.0,9729.0,0.0016472768454649511,0.0
2024-03-07,9774.0,9729.0,-0.004604051565377576,1.0
2024-03-08,9755.0,9729.0,-0.0026652998462326494,1.0
2024-03-11,9781.0,9729.0,-0.00531642981290259,1.0
2024-03-12,9809.0,9729.0,-0.00815577530839029,1.0
2024-03-13,9729.0,9793.0,0.006578271148113934,0.0
2024-03-14,9793.0,9793.0,0.0,0.0
2024-03-15,9829.0,9793.0,-0.0036626309899278064,1.0
2024-03-18,9793.0,9901.0,0.0110282855100583,0.0
2024-03-19,9901.0,,,
2024-03-20,,10055.0,,0.0
2024-03-21,10180.0,10055.0,-0.012278978388998052,1.0
2024-03-22,10085.0,10055.0,-0.0029747149231531544,1.0
2024-03-25,10055.0,10095.0,0.003978120338140156,0.0
2024-03-26,10095.0,10155.0,0.005943536404160454,0.0
2024-03-27,10155.0,10400.0,0.024126046282619384,0.0
2024-03-28,10400.0,10660.0,0.02499999999999991,0.0
2024-03-29,10660.0,,,
2024-04-01,10680.0,10625.0,-0.005149812734082437,1.0
2024-04-02,10625.0,10700.0,0.007058823529411784,0.0
2024-04-03,10815.0,10700.0,-0.010633379565418433,1.0
2024-04-04,11380.0,10700.0,-0.05975395430579966,1.0
2024-04-05,11135.0,10700.0,-0.039066008082622394,1.0
2024-04-08,11535.0,10700.0,-0.07238838318162111,1.0
2024-04-09,11525.0,10700.0,-0.07158351409978303,1.0
2024-04-10,11615.0,10700.0,-0.07877744296168743,1.0
2024-04-11,11550.0,10700.0,-0.07359307359307354,1.0
2024-04-12,11970.0,10700.0,-0.10609857978279036,1.0
2024-04-15,12400.0,10700.0,-0.13709677419354838,1.0
2024-04-16,12275.0,10700.0,-0.1283095723014257,1.0
2024-04-17,11995.0,10700.0,-0.10796165068778663,1.0
2024-04-18,11580.0,10700.0,-0.07599309153713296,1.0
2024-04-19,11190.0,10700.0,-0.04378909740840031,1.0
2024-04-22,11090.0,10700.0,-0.035166816952209246,1.0
2024-04-23,10700.0,10955.0,0.023831775700934532,0.0
2024-04-24,10955.0,10990.0,0.0031948881789136685,0.0
2024-04-25,10990.0,11095.0,0.009554140127388644,0.0
2024-04-26,11210.0,,,
2024-04-29,,11095.0,,0.0
2024-04-30,11095.0,,,
2024-05-01,10955.0,10930.0,-0.0022820629849383822,1.0
2024-05-02,10975.0,,,
2024-05-03,,,,
2024-05-06,,10930.0,,0.0
2024-05-07,10930.0,10930.0,0.0,0.0
2024-05-08,10930.0,10930.0,0.0,0.0
2024-05-09,10930.0,11085.0,0.01418115279048493,0.0
2024-05-10,11135.0,11085.0,-0.004490345756623215,1.0
2024-05-13,11115.0,11085.0,-0.0026990553306343035,1.0
2024-05-14,11115.0,11085.0,-0.0026990553306343035,1.0
2024-05-15,11180.0,11085.0,-0.008497316636851493,1.0
2024-05-16,11195.0,11085.0,-0.009825815096024981,1.0
2024-05-17,11255.0,11085.0,-0.015104398045313161,1.0
2024-05-20,11585.0,11085.0,-0.043159257660768224,1.0
2024-05-21,11490.0,11085.0,-0.03524804177545693,1.0
2024-05-22,11450.0,11085.0,-0.031877729257641874,1.0
2024-05-23,11250.0,11085.0,-0.014666666666666717,1.0
2024-05-24,11180.0,11085.0,-0.008497316636851493,1.0
2024-05-27,11170.0,11085.0,-0.007609668755595322,1.0
2024-05-28,11205.0,11085.0,-0.010709504685408322,1.0
2024-05-29,11275.0,11085.0,-0.01685144124168514,1.0
2024-05-30,11085.0,11205.0,0.010825439783491264,0.0
2024-05-31,11205.0,,,
2024-06-03,11115.0,10950.0,-0.014844804318488558,1.0
2024-06-04,11185.0,10950.0,-0.021010281627179217,1.0
2024-06-05,11060.0,10950.0,-0.009945750452079571,1.0
2024-06-06,11220.0,10950.0,-0.024064171122994638,1.0
2024-06-07,11225.0,10950.0,-0.024498886414253906,1.0
2024-06-10,10960.0,10950.0,-0.0009124087591241281,1.0
2024-06-11,10950.0,10985.0,0.0031963470319633647,0.0
2024-06-12,11005.0,10985.0,-0.0018173557473875057,1.0
2024-06-13,10985.0,11025.0,0.003641329085116052,0.0
2024-06-14,11065.0,11025.0,-0.0036150022593763875,1.0
2024-06-17,11025.0,11100.0,0.006802721088435382,0.0
2024-06-18,11100.0,11145.0,0.004054054054054124,0.0
2024-06-19,11145.0,11190.0,0.004037685060565233,0.0
2024-06-20,11205.0,11190.0,-0.0013386880856760541,1.0
2024-06-21,11390.0,11190.0,-0.017559262510974505,1.0
2024-06-24,11270.0,11190.0,-0.00709849157054121,1.0
2024-06-25,11255.0,11190.0,-0.005775211017325588,1.0
2024-06-26,11230.0,11190.0,-0.003561887800534236,1.0
2024-06-27,11190.0,11340.0,0.013404825737265424,0.0
2024-06-28,11340.0,,,
2024-07-01,11355.0,11005.0,-0.03082342580361075,1.0
2024-07-02,11440.0,11005.0,-0.03802447552447552,1.0
2024-07-03,11460.0,11005.0,-0.03970331588132636,1.0
2024-07-04,11550.0,11005.0,-0.04718614718614722,1.0
2024-07-05,11535.0,11005.0,-0.04594711746857394,1.0
2024-07-08,11620.0,11005.0,-0.05292598967297768,1.0
2024-07-09,11560.0,11005.0,-0.048010380622837356,1.0
2024-07-10,11600.0,11005.0,-0.05129310344827587,1.0
2024-07-11,11690.0,11005.0,-0.05859709153122328,1.0
2024-07-12,11610.0,,,
2024-07-15,,11005.0,,0.0
2024-07-16,11705.0,11005.0,-0.05980350277659119,1.0
2024-07-17,11795.0,11005.0,-0.06697753285290375,1.0
2024-07-18,11690.0,11005.0,-0.05859709153122328,1.0
2024-07-19,11595.0,11005.0,-0.05088400172488139,1.0
2024-07-22,11450.0,11005.0,-0.038864628820960645,1.0
2024-07-23,11330.0,11005.0,-0.028684907325684073,1.0
2024-07-24,11305.0,11005.0,-0.02653693056169837,1.0
2024-07-25,11005.0,11065.0,0.005452067242162739,0.0
2024-07-26,11065.0,11150.0,0.007681879801174851,0.0
2024-07-29,11150.0,11190.0,0.0035874439461882623,0.0
2024-07-30,11190.0,11210.0,0.0017873100983021306,0.0
2024-07-31,11210.0,,,
2024-08-01,11105.0,10485.0,-0.055830706888788884,1.0
2024-08-02,11135.0,10485.0,-0.05837449483610235,1.0
2024-08-05,10485.0,10555.0,0.0066762041010968165,0.0
2024-08-06,10555.0,10615.0,0.0056845097110374,0.0
2024-08-07,10630.0,10615.0,-0.0014111006585136865,1.0
2024-08-08,10615.0,10765.0,0.01413094677343385,0.0
2024-08-09,10765.0,,,
2024-08-12,,10935.0,,0.0
2024-08-13,11050.0,10935.0,-0.010407239819004488,1.0
2024-08-14,10960.0,10935.0,-0.0022810218978102093,1.0
2024-08-15,10935.0,10950.0,0.00137174211248281,0.0
2024-08-16,11085.0,10950.0,-0.012178619756427644,1.0
2024-08-19,11040.0,10950.0,-0.008152173913043459,1.0
2024-08-20,11150.0,10950.0,-0.017937219730941756,1.0
2024-08-21,11105.0,10950.0,-0.013957676722197165,1.0
2024-08-22,11020.0,10950.0,-0.006352087114337546,1.0
2024-08-23,10995.0,10950.0,-0.004092769440654842,1.0
2024-08-26,10950.0,10955.0,0.0004566210045662267,0.0
2024-08-27,11030.0,10955.0,-0.006799637352674526,1.0
2024-08-28,10955.0,11025.0,0.006389776357827559,0.0
2024-08-29,11025.0,11025.0,0.0,0.0
2024-08-30,11025.0,,,
2024-09-02,11045.0,10760.0,-0.02580353100950661,1.0
2024-09-03,11070.0,10760.0,-0.028003613369466995,1.0
2024-09-04,10970.0,10760.0,-0.019143117593436676,1.0
2024-09-05,10860.0,10760.0,-0.009208103130755041,1.0
2024-09-06,10865.0,10760.0,-0.00966405890473998,1.0
2024-09-09,10760.0,10780.0,0.0018587360594795044,0.0
2024-09-10,10850.0,10780.0,-0.006451612903225823,1.0
2024-09-11,10780.0,10900.0,0.011131725417439675,0.0
2024-09-12,10900.0,10945.0,0.0041284403669725744,0.0
2024-09-13,10945.0,,,
2024-09-16,,10980.0,,0.0
2024-09-17,10980.0,11010.0,0.002732240437158362,0.0
2024-09-18,11010.0,11110.0,0.009082652134423164,0.0
2024-09-19,11110.0,11180.0,0.006300630063006407,0.0
2024-09-20,11180.0,,,
2024-09-23,,11405.0,,0.0
2024-09-24,11440.0,11405.0,-0.0030594405594405183,1.0
2024-09-25,11525.0,11405.0,-0.010412147505422964,1.0
2024-09-26,11660.0,11405.0,-0.021869639794168116,1.0
2024-09-27,11790.0,11405.0,-0.032654792196776916,1.0
2024-09-30,11405.0,,,
2024-10-01,11545.0,11535.0,-0.0008661758336941938,1.0
2024-10-02,11535.0,11765.0,0.019939315127871726,0.0
2024-10-03,11765.0,11775.0,0.0008499787505311662,0.0
2024-10-04,11800.0,11775.0,-0.0021186440677966045,1.0
2024-10-07,11845.0,11775.0,-0.0059096665259603665,1.0
2024-10-08,11825.0,11775.0,-0.0042283298097252064,1.0
2024-10-09,11775.0,11810.0,0.002972399150743099,0.0
2024-10-10,11810.0,11915.0,0.008890770533446224,0.0
2024-10-11,11915.0,,,
2024-10-14,,11955.0,,0.0
2024-10-15,11955.0,12065.0,0.00920117105813456,0.0
2024-10-16,12065.0,12145.0,0.006630750103605365,0.0
2024-10-17,12145.0,12305.0,0.013174145738987342,0.0
2024-10-18,12305.0,12325.0,0.001625355546525764,0.0
2024-10-21,12325.0,12475.0,0.012170385395537497,0.0
2024-10-22,12480.0,12475.0,-0.00040064102564107973,1.0
2024-10-23,12685.0,12475.0,-0.016554986204178168,1.0
2024-10-24,12555.0,12475.0,-0.0063719633612107085,1.0
2024-10-25,12475.0,12720.0,0.019639278557114226,0.0
2024-10-28,12720.0,12730.0,0.0007861635220125507,0.0
2024-10-29,12730.0,12915.0,0.01453260015710911,0.0
2024-10-30,12925.0,12915.0,-0.000773694390715618,1.0
2024-10-31,12915.0,,,
2024-11-01,12730.0,,,
2024-11-04,,12065.0,,0.0
2024-11-05,12620.0,12065.0,-0.04397781299524561,1.0
2024-11-06,12650.0,12065.0,-0.046245059288537504,1.0
2024-11-07,12375.0,12065.0,-0.0250505050505051,1.0
2024-11-08,12450.0,12065.0,-0.030923694779116495,1.0
2024-11-11,12420.0,12065.0,-0.028582930756843816,1.0
2024-11-12,12100.0,12065.0,-0.002892561983471098,1.0
2024-11-13,12245.0,12065.0,-0.014699877501020864,1.0
2024-11-14,12075.0,12065.0,-0.0008281573498964967,1.0
2024-11-15,12065.0,12085.0,0.0016576875259013413,0.0
2024-11-18,12105.0,12085.0,-0.00165220983064851,1.0
2024-11-19,12280.0,12085.0,-0.015879478827361515,1.0
2024-11-20,12375.0,12085.0,-0.023434343434343474,1.0
2024-11-21,12470.0,12085.0,-0.03087409783480355,1.0
2024-11-22,12600.0,12085.0,-0.04087301587301584,1.0
2024-11-25,12450.0,12085.0,-0.029317269076305275,1.0
2024-11-26,12205.0,12085.0,-0.009832036050798854,1.0
2024-11-27,12175.0,12085.0,-0.007392197125256628,1.0
2024-11-28,12095.0,12085.0,-0.0008267879288962332,1.0
2024-11-29,12085.0,,,
2024-12-02,11960.0,11960.0,0.0,0.0
2024-12-03,12030.0,11960.0,-0.005818786367414841,1.0
2024-12-04,12010.0,11960.0,-0.004163197335553703,1.0
2024-12-05,12025.0,11960.0,-0.00540540540540535,1.0
2024-12-06,11960.0,11960.0,0.0,0.0
2024-12-09,11960.0,12210.0,0.020903010033444858,0.0
2024-12-10,12210.0,12235.0,0.0020475020475021477,0.0
2024-12-11,12375.0,12235.0,-0.011313131313131275,1.0
2024-12-12,12515.0,12235.0,-0.022373152217339154,1.0
2024-12-13,12415.0,12235.0,-0.014498590414820822,1.0
2024-12-16,12305.0,12235.0,-0.005688744412840285,1.0
2024-12-17,12325.0,12235.0,-0.007302231237322543,1.0
2024-12-18,12250.0,12235.0,-0.001224489795918382,1.0
2024-12-19,12235.0,12340.0,0.008581937065794909,0.0
2024-12-20,12340.0,12430.0,0.007293354943273878,0.0
2024-12-23,12450.0,12430.0,-0.0016064257028112205,1.0
2024-12-24,12430.0,12435.0,0.0004022526146418848,0.0
2024-12-25,12435.0,12485.0,0.004020908725371974,0.0
2024-12-26,12485.0,12495.0,0.0008009611533841277,0.0
2024-12-27,12570.0,12495.0,-0.005966587112171795,1.0
2024-12-30,12495.0,,,
2024-12-31,,,,
2025-01-02,,,,
2025-01-03,,12560.0,,0.0
2025-01-06,12560.0,12625.0,0.0051751592356688025,0.0
2025-01-07,12625.0,12685.0,0.004752475247524757,0.0
2025-01-08,12685.0,12710.0,0.0019708316909736734,0.0
2025-01-09,12740.0,12710.0,-0.0023547880690737433,1.0
2025-01-10,12850.0,,,
2025-01-13,,12710.0,,0.0
2025-01-14,12730.0,12710.0,-0.0015710919088767206,1.0
2025-01-15,12780.0,12710.0,-0.005477308294209671,1.0
2025-01-16,12710.0,12770.0,0.00472069236821393,0.0
2025-01-17,12770.0,12795.0,0.0019577133907595634,0.0
2025-01-20,12795.0,12815.0,0.0015631105900741904,0.0
2025-01-21,12815.0,12900.0,0.00663285212641429,0.0
2025-01-22,12950.0,12900.0,-0.0038610038610038533,1.0
2025-01-23,13035.0,12900.0,-0.010356731875719172,1.0
2025-01-24,13030.0,12900.0,-0.009976976208749044,1.0
2025-01-27,12990.0,12900.0,-0.006928406466512715,1.0
2025-01-28,12900.0,12930.0,0.0023255813953488857,0.0
2025-01-29,12960.0,12930.0,-0.0023148148148147696,1.0
2025-01-30,12930.0,13060.0,0.010054137664346374,0.0
2025-01-31,13060.0,,,
2025-02-03,13090.0,12995.0,-0.007257448433919067,1.0
2025-02-04,13240.0,12995.0,-0.01850453172205435,1.0
2025-02-05,13260.0,12995.0,-0.019984917043740613,1.0
2025-02-06,13225.0,12995.0,-0.017391304347826098,1.0
2025-02-07,13145.0,12995.0,-0.011411182959300104,1.0
2025-02-10,13245.0,,,
2025-02-11,,12995.0,,0.0
2025-02-12,13415.0,12995.0,-0.0313082370480805,1.0
2025-02-13,13580.0,12995.0,-0.04307805596465386,1.0
2025-02-14,13550.0,12995.0,-0.04095940959409594,1.0
2025-02-17,13350.0,12995.0,-0.02659176029962551,1.0
2025-02-18,13440.0,12995.0,-0.03311011904761907,1.0
2025-02-19,13490.0,12995.0,-0.03669384729429204,1.0
2025-02-20,13445.0,12995.0,-0.03346969133506883,1.0
2025-02-21,13440.0,,,
2025-02-24,,12995.0,,0.0
2025-02-25,13400.0,12995.0,-0.030223880597014974,1.0
2025-02-26,13280.0,12995.0,-0.021460843373493965,1.0
2025-02-27,13195.0,12995.0,-0.015157256536566854,1.0
2025-02-28,12995.0,,,
2025-03-03,13080.0,12965.0,-0.008792048929663565,1.0
2025-03-04,13065.0,12965.0,-0.007654037504783773,1.0
2025-03-05,13235.0,12965.0,-0.020400453343407676,1.0
2025-03-06,13165.0,12965.0,-0.01519179642992785,1.0
2025-03-07,13025.0,12965.0,-0.004606525911708292,1.0
2025-03-10,13060.0,12965.0,-0.0072741194486982685,1.0
2025-03-11,12965.0,13100.0,0.010412649440802113,0.0
2025-03-12,13100.0,13160.0,0.004580152671755711,0.0
2025-03-13,13160.0,13450.0,0.02203647416413368,0.0
2025-03-14,13450.0,13490.0,0.0029739776951673846,0.0
2025-03-17,13490.0,13655.0,0.01223128243143079,0.0
2025-03-18,13655.0,13740.0,0.006224826071036249,0.0
2025-03-19,13825.0,,,
2025-03-20,,13740.0,,0.0
2025-03-21,13785.0,13740.0,-0.0032644178454842576,1.0
2025-03-24,13740.0,13775.0,0.002547307132459986,0.0
2025-03-25,13775.0,13795.0,0.0014519056261343977,0.0
2025-03-26,13795.0,13800.0,0.00036245016310254563,0.0
2025-03-27,13800.0,14155.0,0.025724637681159512,0.0
2025-03-28,14155.0,14260.0,0.0074178735429177856,0.0
2025-03-31,14260.0,,,
2025-04-01,14315.0,13265.0,-0.07334963325183375,1.0
2025-04-02,14200.0,13265.0,-0.06584507042253518,1.0
2025-04-03,13985.0,13265.0,-0.05148373257061134,1.0
2025-04-04,13755.0,13265.0,-0.03562340966921118,1.0
2025-04-07,13265.0,13355.0,0.0067847719562759146,0.0
2025-04-08,13470.0,13355.0,-0.008537490720118779,1.0
2025-04-09,13355.0,13870.0,0.03856233620366911,0.0
2025-04-10,13870.0,14010.0,0.010093727469358438,0.0
2025-04-11,14010.0,14070.0,0.004282655246252709,0.0
2025-04-14,14070.0,14085.0,0.0010660980810235365,0.0
2025-04-15,14085.0,14240.0,0.011004614838480586,0.0
2025-04-16,14285.0,14240.0,-0.003150157507875395,1.0
2025-04-17,14440.0,14240.0,-0.013850415512465353,1.0
2025-04-18,14410.0,14240.0,-0.01179736294240108,1.0
2025-04-21,14495.0,14240.0,-0.01759227319765433,1.0
2025-04-22,14840.0,14240.0,-0.040431266846361225,1.0
2025-04-23,14270.0,14240.0,-0.0021023125437982237,1.0
2025-04-24,14350.0,14240.0,-0.0076655052264807955,1.0
2025-04-25,14305.0,14240.0,-0.0045438657811953664,1.0
2025-04-28,14250.0,,,
2025-04-29,,14240.0,,0.0
2025-04-30,14240.0,,,
2025-05-01,14090.0,13850.0,-0.017033356990773574,1.0
2025-05-02,14295.0,,,
2025-05-05,,,,
2025-05-06,,13850.0,,0.0
2025-05-07,14630.0,13850.0,-0.05331510594668487,1.0
2025-05-08,14570.0,13850.0,-0.049416609471516826,1.0
2025-05-09,14575.0,13850.0,-0.04974271012006859,1.0
2025-05-12,14450.0,13850.0,-0.04152249134948094,1.0
2025-05-13,14515.0,13850.0,-0.04581467447468135,1.0
2025-05-14,14345.0,13850.0,-0.034506796793307815,1.0
2025-05-15,13850.0,14040.0,0.013718411552346543,0.0
2025-05-16,14150.0,14040.0,-0.007773851590106018,1.0
2025-05-19,14155.0,14040.0,-0.008124337689862204,1.0
2025-05-20,14040.0,14330.0,0.02065527065527073,0.0
2025-05-21,14400.0,14330.0,-0.004861111111111094,1.0
2025-05-22,14440.0,14330.0,-0.0076177285318559385,1.0
2025-05-23,14435.0,14330.0,-0.007273986837547652,1.0
2025-05-26,14435.0,14330.0,-0.007273986837547652,1.0
2025-05-27,14380.0,14330.0,-0.003477051460361591,1.0
2025-05-28,14405.0,14330.0,-0.00520652551197498,1.0
2025-05-29,14410.0,14330.0,-0.005551700208188737,1.0
2025-05-30,14330.0,,,
2025-06-02,14435.0,14335.0,-0.006927606511950124,1.0
2025-06-03,14535.0,14335.0,-0.013759889920880619,1.0
2025-06-04,14605.0,14335.0,-0.01848681958233478,1.0
2025-06-05,14585.0,14335.0,-0.017140898183064746,1.0
2025-06-06,14665.0,14335.0,-0.022502557108762367,1.0
2025-06-09,14495.0,14335.0,-0.011038289065194884,1.0
2025-06-10,14535.0,14335.0,-0.013759889920880619,1.0
2025-06-11,14645.0,14335.0,-0.021167634004779834,1.0
2025-06-12,14665.0,14335.0,-0.022502557108762367,1.0
2025-06-13,14840.0,14335.0,-0.03402964959568733,1.0
2025-06-16,14895.0,14335.0,-0.03759650889560251,1.0
2025-06-17,14885.0,14335.0,-0.036949949613705124,1.0
2025-06-18,14890.0,14335.0,-0.03727333781061115,1.0
2025-06-19,14760.0,14335.0,-0.02879403794037938,1.0
2025-06-20,14755.0,14335.0,-0.028464927143341257,1.0
2025-06-23,14945.0,14335.0,-0.04081632653061229,1.0
2025-06-24,14615.0,14335.0,-0.019158398905234297,1.0
2025-06-25,14645.0,14335.0,-0.021167634004779834,1.0
2025-06-26,14605.0,14335.0,-0.01848681958233478,1.0
2025-06-27,14400.0,14335.0,-0.004513888888888928,1.0
2025-06-30,14335.0,,,
2025-07-01,14475.0,14520.0,0.0031088082901553626,0.0
2025-07-02,14520.0,14550.0,0.0020661157024792765,0.0
2025-07-03,14625.0,14550.0,-0.00512820512820511,1.0
2025-07-04,14610.0,14550.0,-0.004106776180698102,1.0
2025-07-07,14550.0,14625.0,0.005154639175257714,0.0
2025-07-08,14730.0,14625.0,-0.007128309572301372,1.0
2025-07-09,14625.0,14705.0,0.0054700854700855395,0.0
2025-07-10,14705.0,14830.0,0.008500510030601927,0.0
2025-07-11,14830.0,14855.0,0.001685772083614312,0.0
2025-07-14,14950.0,14855.0,-0.006354515050167264,1.0
2025-07-15,15000.0,14855.0,-0.009666666666666712,1.0
2025-07-16,15005.0,14855.0,-0.009996667777407486,1.0
2025-07-17,14970.0,14855.0,-0.007682030728122902,1.0
2025-07-18,15005.0,,,
2025-07-21,,14855.0,,0.0
2025-07-22,15120.0,14855.0,-0.017526455026455,1.0
2025-07-23,15180.0,14855.0,-0.02140974967061926,1.0
2025-07-24,14925.0,14855.0,-0.004690117252931336,1.0
2025-07-25,14905.0,14855.0,-0.0033545790003354226,1.0
2025-07-28,14950.0,14855.0,-0.006354515050167264,1.0
2025-07-29,14875.0,14855.0,-0.0013445378151260012,1.0
2025-07-30,14880.0,14855.0,-0.0016801075268817467,1.0
2025-07-31,14855.0,,,
2025-08-01,14970.0,14800.0,-0.011356045424181671,1.0
2025-08-04,14990.0,14800.0,-0.012675116744496284,1.0
2025-08-05,14980.0,14800.0,-0.012016021361815787,1.0
2025-08-06,15060.0,14800.0,-0.01726427622841964,1.0
2025-08-07,15040.0,14800.0,-0.015957446808510634,1.0
2025-08-08,15085.0,,,
2025-08-11,,14800.0,,0.0
2025-08-12,14990.0,14800.0,-0.012675116744496284,1.0
2025-08-13,15000.0,14800.0,-0.013333333333333308,1.0
2025-08-14,14855.0,14800.0,-0.0037024570851564853,1.0
2025-08-15,14875.0,14800.0,-0.005042016806722671,1.0
2025-08-18,14930.0,14800.0,-0.008707300736771617,1.0
2025-08-19,14900.0,14800.0,-0.006711409395973145,1.0
2025-08-20,14800.0,14865.0,0.00439189189189193,0.0
2025-08-21,14865.0,14945.0,0.005381769256643132,0.0
2025-08-22,14945.0,14980.0,0.0023419203747072626,0.0
2025-08-25,14980.0,15075.0,0.006341789052069391,0.0
2025-08-26,15075.0,15075.0,0.0,0.0
2025-08-27,15100.0,15075.0,-0.0016556291390728006,1.0
2025-08-28,15075.0,15155.0,0.005306799336650014,0.0
2025-08-29,15155.0,,,
2025-09-01,15475.0,15605.0,0.008400646203554185,0.0
2025-09-02,15605.0,15850.0,0.015700096123037577,0.0
2025-09-03,15880.0,15850.0,-0.0018891687657430767,1.0
2025-09-04,15850.0,15920.0,0.00441640378548902,0.0
2025-09-05,15920.0,16100.0,0.011306532663316604,0.0
2025-09-08,16100.0,16245.0,0.009006211180124124,0.0
2025-09-09,16245.0,16405.0,0.009849184364419727,0.0
2025-09-10,16405.0,16475.0,0.004266991770801587,0.0
2025-09-11,16475.0,16670.0,0.01183611532625184,0.0
2025-09-12,16670.0,,,
2025-09-15,,16780.0,,0.0
2025-09-16,17140.0,16780.0,-0.02100350058343059,1.0
2025-09-17,16945.0,16780.0,-0.009737385659486564,1.0
2025-09-18,16800.0,16780.0,-0.0011904761904761862,1.0
2025-09-19,16780.0,17150.0,0.0220500595947557,0.0
2025-09-22,17150.0,,,
2025-09-23,,17520.0,,0.0
2025-09-24,17520.0,17540.0,0.0011415525114155667,0.0
2025-09-25,17540.0,17635.0,0.0054161915621435686,0.0
2025-09-26,17635.0,18165.0,0.030053870144598704,0.0
2025-09-29,18165.0,19000.0,0.04596751995595927,0.0
2025-09-30,19000.0,,,
2025-10-01,18800.0,17935.0,-0.04601063829787233,1.0
2025-10-02,18165.0,17935.0,-0.01266171208367739,1.0
2025-10-03,17935.0,18250.0,0.017563423473654804,0.0
2025-10-06,18400.0,18250.0,-0.008152173913043459,1.0
2025-10-07,18935.0,18250.0,-0.03617639292315822,1.0
2025-10-08,19400.0,18250.0,-0.05927835051546393,1.0
2025-10-09,19750.0,18250.0,-0.07594936708860756,1.0
2025-10-10,19450.0,,,
2025-10-13,,18250.0,,0.0
2025-10-14,20165.0,18250.0,-0.09496652615918666,1.0
2025-10-15,21050.0,18250.0,-0.1330166270783848,1.0
2025-10-16,22395.0,18250.0,-0.18508595668676042,1.0
2025-10-17,23400.0,18250.0,-0.22008547008547008,1.0
2025-10-20,22525.0,18250.0,-0.18978912319644836,1.0
2025-10-21,21635.0,18250.0,-0.1564594407210539,1.0
2025-10-22,20255.0,18250.0,-0.09898790422117998,1.0
2025-10-23,19510.0,,,
2025-10-24,,18250.0,,0.0
2025-10-27,19295.0,18250.0,-0.05415910857735162,1.0
2025-10-28,18250.0,18485.0,0.012876712328767193,0.0
2025-10-29,18485.0,18810.0,0.0175818230998106,0.0
2025-10-30,18810.0,19170.0,0.019138755980861344,0.0
2025-10-31,19170.0,,,
2025-11-03,,18855.0,,0.0
2025-11-04,19075.0,18855.0,-0.011533420707732667,1.0
2025-11-05,18855.0,18860.0,0.00026518164942990197,0.0
2025-11-06,18905.0,18860.0,-0.002380322665961332,1.0
2025-11-07,18860.0,19070.0,0.011134676564156898,0.0
2025-11-10,19380.0,19070.0,-0.015995872033023772,1.0
2025-11-11,19860.0,19070.0,-0.03977844914400808,1.0
2025-11-12,19750.0,19070.0,-0.03443037974683549,1.0
2025-11-13,20185.0,19070.0,-0.055239038890265046,1.0
2025-11-14,20120.0,19070.0,-0.05218687872763417,1.0
2025-11-17,19415.0,19070.0,-0.017769765645119784,1.0
2025-11-18,19070.0,19320.0,0.013109596224436304,0.0
2025-11-19,19515.0,19320.0,-0.009992313604919256,1.0
2025-11-20,19600.0,19320.0,-0.014285714285714235,1.0
2025-11-21,19320.0,,,
2025-11-24,,19800.0,,0.0
2025-11-25,19800.0,19855.0,0.002777777777777768,0.0
2025-11-26,19855.0,19855.0,0.0,0.0
2025-11-27,19855.0,20065.0,0.01057668093679176,0.0
2025-11-28,20065.0,,,
2025-12-01,20250.0,19895.0,-0.017530864197530915,1.0
2025-12-02,20055.0,19895.0,-0.007978060334081327,1.0
2025-12-03,20020.0,19895.0,-0.006243756243756282,1.0
2025-12-04,19895.0,19990.0,0.004775069112842312,0.0
2025-12-05,20000.0,19990.0,-0.0004999999999999449,1.0
2025-12-08,20015.0,19990.0,-0.0012490632025980997,1.0
2025-12-09,19990.0,20095.0,0.005252626313156483,0.0
2025-12-10,20115.0,20095.0,-0.00099428287347747,1.0
2025-12-11,20095.0,20330.0,0.011694451356058622,0.0
2025-12-12,20400.0,20330.0,-0.0034313725490195957,1.0
2025-12-15,20635.0,20330.0,-0.014780712381875505,1.0
2025-12-16,20330.0,20595.0,0.0130349237579932,0.0
2025-12-17,20595.0,20625.0,0.0014566642388929019,0.0
2025-12-18,20655.0,20625.0,-0.001452432824981864,1.0
2025-12-19,20625.0,20805.0,0.008727272727272695,0.0
2025-12-22,21210.0,20805.0,-0.019094766619519143,1.0
2025-12-23,21375.0,20805.0,-0.026666666666666616,1.0
2025-12-24,21490.0,20805.0,-0.0318752908329456,1.0
2025-12-25,21655.0,20805.0,-0.03925190487185404,1.0
2025-12-26,21535.0,20805.0,-0.03389830508474578,1.0
2025-12-29,21460.0,20805.0,-0.0305219012115564,1.0
2025-12-30,20805.0,,,
2025-12-31,,,,
2026-01-02,,21155.0,,0.0
2026-01-05,21270.0,21155.0,-0.005406676069581562,1.0
2026-01-06,21300.0,21155.0,-0.006807511737089156,1.0
2026-01-07,21300.0,21155.0,-0.006807511737089156,1.0
2026-01-08,21155.0,21505.0,0.016544552115339117,0.0
2026-01-09,21505.0,,,
2026-01-12,,22215.0,,0.0
2026-01-13,22215.0,22300.0,0.0038262435291469554,0.0
2026-01-14,22640.0,22300.0,-0.015017667844522964,1.0
2026-01-15,22335.0,22300.0,-0.001567047235280894,1.0
2026-01-16,22300.0,22490.0,0.0085201793721974,0.0
2026-01-19,22490.0,22930.0,0.019564250778123515,0.0
2026-01-20,22930.0,23410.0,0.0209332751853466,0.0
2026-01-21,23655.0,23410.0,-0.010357218347072483,1.0
2026-01-22,23410.0,23895.0,0.02071764203331905,0.0
2026-01-23,23900.0,23895.0,-0.00020920502092047766,1.0
2026-01-26,23895.0,24245.0,0.014647415777359285,0.0
2026-01-27,24245.0,24695.0,0.018560527943906058,0.0
2026-01-28,24890.0,24695.0,-0.007834471675371657,1.0
2026-01-29,26500.0,24695.0,-0.06811320754716976,1.0
2026-01-30,24695.0,,,
2026-02-02,21235.0,22975.0,0.08194019307746636,0.0
2026-02-03,23365.0,22975.0,-0.016691632784078703,1.0
2026-02-04,24765.0,22975.0,-0.07227942661013531,1.0
2026-02-05,24100.0,22975.0,-0.04668049792531115,1.0
2026-02-06,23645.0,22975.0,-0.028335800380630105,1.0
2026-02-09,24360.0,22975.0,-0.05685550082101809,1.0
2026-02-10,24200.0,,,
2026-02-11,,22975.0,,0.0
2026-02-12,24025.0,22975.0,-0.043704474505723234,1.0
2026-02-13,23405.0,22975.0,-0.018372142704550343,1.0
2026-02-16,23465.0,22975.0,-0.020882164926486202,1.0
2026-02-17,22975.0,23175.0,0.008705114254624613,0.0
2026-02-18,23175.0,23800.0,0.026968716289104577,0.0
2026-02-19,23800.0,23825.0,0.0010504201680672232,0.0
2026-02-20,23825.0,,,
2026-02-23,,24485.0,,0.0
2026-02-24,24485.0,24610.0,0.005105166428425623,0.0
2026-02-25,24690.0,24610.0,-0.003240178209801492,1.0
2026-02-26,24660.0,24610.0,-0.0020275750202757292,1.0
2026-02-27,24610.0,,,
2026-03-02,25665.0,20385.0,-0.20572764465225013,1.0
2026-03-03,25460.0,20385.0,-0.19933228593872743,1.0
2026-03-04,24650.0,20385.0,-0.17302231237322518,1.0
2026-03-05,24495.0,20385.0,-0.16778934476423757,1.0
2026-03-06,24495.0,20385.0,-0.16778934476423757,1.0
2026-03-09,24550.0,20385.0,-0.1696537678207739,1.0
2026-03-10,24550.0,20385.0,-0.1696537678207739,1.0
2026-03-11,24755.0,20385.0,-0.17652999394061808,1.0
2026-03-12,24725.0,20385.0,-0.175530839231547,1.0
2026-03-13,24505.0,20385.0,-0.1681289532748419,1.0
2026-03-16,24040.0,20385.0,-0.15203826955074873,1.0
2026-03-17,23915.0,20385.0,-0.1476061049550491,1.0
2026-03-18,23895.0,20385.0,-0.14689265536723162,1.0
2026-03-19,23040.0,,,
2026-03-20,,20385.0,,0.0
2026-03-23,20385.0,20770.0,0.0188864361049792,0.0
2026-03-24,20770.0,21295.0,0.02527684159845922,0.0
2026-03-25,21835.0,21295.0,-0.02473093656972747,1.0
2026-03-26,21295.0,21440.0,0.006809110119746498,0.0
2026-03-27,21440.0,21830.0,0.018190298507462677,0.0
2026-03-30,21830.0,21900.0,0.0032065964269354374,0.0
2026-03-31,21900.0,,,
2026-04-01,22450.0,21985.0,-0.0207126948775056,1.0
2026-04-02,22025.0,21985.0,-0.001816118047673121,1.0
2026-04-03,22465.0,21985.0,-0.021366570220342718,1.0
2026-04-06,22350.0,21985.0,-0.01633109619686801,1.0
2026-04-07,22260.0,21985.0,-0.012353998203054828,1.0
2026-04-08,23020.0,21985.0,-0.0449609035621199,1.0
2026-04-09,22540.0,21985.0,-0.02462289263531503,1.0
2026-04-10,22655.0,21985.0,-0.029574045464577314,1.0
2026-04-13,22630.0,21985.0,-0.028501988510826304,1.0
2026-04-14,22795.0,21985.0,-0.035534108357095806,1.0
2026-04-15,23080.0,21985.0,-0.04744367417677642,1.0
2026-04-16,23045.0,21985.0,-0.04599696246474294,1.0
2026-04-17,22910.0,21985.0,-0.04037538192928847,1.0
2026-04-20,22850.0,21985.0,-0.03785557986870902,1.0
2026-04-21,22825.0,21985.0,-0.03680175246440309,1.0
2026-04-22,22745.0,21985.0,-0.033413937129039395,1.0
2026-04-23,22610.0,21985.0,-0.027642636001769083,1.0
2026-04-24,22370.0,21985.0,-0.017210549843540424,1.0
2026-04-27,22545.0,21985.0,-0.02483921046795301,1.0
2026-04-28,22175.0,,,
2026-04-29,,21985.0,,0.0
2026-04-30,21985.0,,,
2026-05-01,21725.0,,,
2026-05-04,,,,
2026-05-05,,,,
2026-05-06,,20865.0,,0.0
2026-05-07,22165.0,20865.0,-0.058651026392961825,1.0
2026-05-08,22300.0,20865.0,-0.06434977578475332,1.0
2026-05-11,22010.0,20865.0,-0.05202180826896863,1.0
2026-05-12,22150.0,20865.0,-0.058013544018058694,1.0
2026-05-13,22255.0,20865.0,-0.06245787463491348,1.0
2026-05-14,22155.0,20865.0,-0.05822613405551791,1.0
2026-05-15,21695.0,20865.0,-0.038257663056003643,1.0
2026-05-18,21510.0,20865.0,-0.02998605299860535,1.0
2026-05-19,21585.0,20865.0,-0.03335649756775538,1.0
2026-05-20,21190.0,20865.0,-0.015337423312883458,1.0
2026-05-21,21490.0,20865.0,-0.02908329455560721,1.0
2026-05-22,21475.0,20865.0,-0.02840512223515712,1.0
2026-05-25,21570.0,20865.0,-0.03268428372739918,1.0
2026-05-26,21405.0,20865.0,-0.02522775052557813,1.0
2026-05-27,21290.0,20865.0,-0.019962423673085983,1.0
2026-05-28,20865.0,21435.0,0.027318475916606744,0.0
2026-05-29,21435.0,,,
2026-05-30,,,,
2026-05-31,,,,
2026-06-01,21480.0,19300.0,-0.1014897579143389,1.0
2026-06-02,21575.0,19300.0,-0.10544611819235228,1.0
2026-06-03,21320.0,19300.0,-0.09474671669793622,1.0
2026-06-04,21355.0,19300.0,-0.09623039100913133,1.0
2026-06-05,21320.0,,,
2026-06-07,,19300.0,,0.0
2026-06-08,20650.0,19300.0,-0.06537530266343827,1.0
2026-06-09,20695.0,19300.0,-0.06740758637352018,1.0
2026-06-10,20160.0,19300.0,-0.04265873015873012,1.0
2026-06-11,19520.0,19300.0,-0.01127049180327866,1.0
2026-06-12,19940.0,,,
2026-06-13,,,,
2026-06-14,,19300.0,,0.0
2026-06-15,20665.0,19300.0,-0.06605371400919424,1.0
2026-06-16,20690.0,19300.0,-0.06718221362977284,1.0
2026-06-17,20755.0,19300.0,-0.07010358949650686,1.0
2026-06-18,20680.0,19300.0,-0.0667311411992263,1.0
2026-06-19,19990.0,,,
2026-06-20,,,,
2026-06-21,,19300.0,,0.0
2026-06-22,20250.0,19300.0,-0.04691358024691361,1.0
2026-06-23,19970.0,19300.0,-0.033550325488232335,1.0
2026-06-24,19730.0,19300.0,-0.021794221996958907,1.0
2026-06-25,19300.0,19400.0,0.005181347150259086,0.0
2026-06-26,19400.0,,,
2026-06-27,,,,
2026-06-28,,19530.0,,0.0
2026-06-29,19640.0,19530.0,-0.005600814663951126,1.0
2026-06-30,19530.0,,,
2026-07-01,19380.0,19815.0,0.02244582043343657,0.0
2026-07-02,19905.0,19815.0,-0.0045214770158251705,1.0
2026-07-03,20180.0,,,
2026-07-05,,19815.0,,0.0
2026-07-06,20280.0,19815.0,-0.022928994082840215,1.0
2026-07-07,19980.0,19815.0,-0.008258258258258211,1.0
2026-07-08,20055.0,19815.0,-0.01196709050112188,1.0
2026-07-09,19965.0,19815.0,-0.007513148009015813,1.0
2026-07-10,19975.0,,,
2026-07-12,,19815.0,,0.0
2026-07-13,19815.0,,,
